;txNomeParlamentar;idecadastro;nuCarteiraParlamentar;nuLegislatura;sgUF;sgPartido;codLegislatura;numSubCota;txtDescricao;numEspecificacaoSubCota;txtDescricaoEspecificacao;txtFornecedor;txtCNPJCPF;txtNumero;indTipoDocumento;datEmissao;vlrDocumento;vlrGlosa;vlrLiquido;numMes;numAno;numParcela;txtPassageiro;txtTrecho;numLote;numRessarcimento;vlrRestituicao;nuDeputadoId;ideDocumento
347451;ULDURICO JUNIOR;178863.0;220.0;2015;BA;PPL;55.0;1;MANUTENÇÃO DE ESCRITÓRIO DE APOIO À ATIVIDADE PARLAMENTAR;0;;WMS Comércio de Artigos de Papelaria LTDA;12132854000100.0;1618;0;2015-02-09 00:00:00;385,1;0;385,1;2;2015;0;;;1166806;4919.0;0.0;2958;5602272
347452;ULDURICO JUNIOR;178863.0;220.0;2015;BA;PPL;55.0;1;MANUTENÇÃO DE ESCRITÓRIO DE APOIO À ATIVIDADE PARLAMENTAR;0;;WMS COMÉRCIO DE ARTIGOS DE PAPELARIA LTDA-ME;12132854000100.0;02011;0;2015-08-12 00:00:00;289;0;289;8;2015;0;;;1216975;5121.0;0.0;2958;5760738
347453;ULDURICO JUNIOR;178863.0;220.0;2015;BA;PPL;55.0;3;COMBUSTÍVEIS E LUBRIFICANTES.;1;Veículos Automotores;AUTO POSTO AEROPORTO LTDA.;8202116000115.0;542258;0;2015-09-22 00:00:00;100;0;100;9;2015;0;;;1228159;5165.0;0.0;2958;5798572
347454;ULDURICO JUNIOR;178863.0;220.0;2015;BA;PPL;55.0;3;COMBUSTÍVEIS E LUBRIFICANTES.;1;Veículos Automotores;AUTO POSTO GS SOUTO LTDA;13759008000188.0;234118;0;2015-04-20 00:00:00;100,06;0;100,06;4;2015;0;;;1199922;5057.0;0.0;2958;5706947
347455;ULDURICO JUNIOR;178863.0;220.0;2015;BA;PPL;55.0;3;COMBUSTÍVEIS E LUBRIFICANTES.;1;Veículos Automotores;AUTO POSTO GS SOUTO LTDA;13759008000188.0;265922;0;2015-09-04 00:00:00;100;0;100;9;2015;0;;;1224193;5143.0;0.0;2958;5785105
347456;ULDURICO JUNIOR;178863.0;220.0;2015;BA;PPL;55.0;3;COMBUSTÍVEIS E LUBRIFICANTES.;1;Veículos Automotores;AUTO POSTO GS SOUTO LTDA;13759008000188.0;266889;0;2015-09-07 00:00:00;195,05;0;195,05;9;2015;0;;;1224193;5143.0;0.0;2958;5785102
347457;ULDURICO JUNIOR;178863.0;220.0;2015;BA;PPL;55.0;3;COMBUSTÍVEIS E LUBRIFICANTES.;1;Veículos Automotores;AUTO SHOPPING QL 06 COM. DE PETRÓLEO LTDA;647440000135.0;556195;0;2015-06-22 00:00:00;100;0;100;6;2015;0;;;1203769;5071.0;0.0;2958;5718874
347458;ULDURICO JUNIOR;178863.0;220.0;2015;BA;PPL;55.0;3;COMBUSTÍVEIS E LUBRIFICANTES.;1;Veículos Automotores;BENTIVI DERIVADOS DE PETROLEO LTDA;13683818000106.0;119442;0;2015-05-10 00:00:00;165,01;0;165,01;5;2015;0;;;1199922;5057.0;0.0;2958;5706966
347459;ULDURICO JUNIOR;178863.0;220.0;2015;BA;PPL;55.0;3;COMBUSTÍVEIS E LUBRIFICANTES.;1;Veículos Automotores;BRASAL COMBUSTIVEIS LTDA;97626000400.0;632239;0;2015-12-03 00:00:00;142,16;0;142,16;12;2015;0;;;1250170;5256.0;0.0;2958;5870179
347460;ULDURICO JUNIOR;178863.0;220.0;2015;BA;PPL;55.0;3;COMBUSTÍVEIS E LUBRIFICANTES.;1;Veículos Automotores;CASCOL COMBUSTÍVEIS PARA VEÍCULOS LTDA;306597000440.0;021332;0;2015-12-16 00:00:00;149,17;0;149,17;12;2015;0;;;1253177;5263.0;0.0;2958;5879307
347461;ULDURICO JUNIOR;178863.0;220.0;2015;BA;PPL;55.0;3;COMBUSTÍVEIS E LUBRIFICANTES.;1;Veículos Automotores;CASCOL COMBUSTÍVEIS PARA VEÍCULOS LTDA;306597001098.0;043493;0;2015-02-05 00:00:00;100;0;100;2;2015;0;;;1165986;4910.0;0.0;2958;5599193
347462;ULDURICO JUNIOR;178863.0;220.0;2015;BA;PPL;55.0;3;COMBUSTÍVEIS E LUBRIFICANTES.;1;Veículos Automotores;CASCOL COMBUSTÍVEIS PARA VEÍCULOS LTDA;306597001098.0;048020;0;2015-04-16 00:00:00;100;0;100;4;2015;0;;;1184292;5005.0;0.0;2958;5658615
347463;ULDURICO JUNIOR;178863.0;220.0;2015;BA;PPL;55.0;3;COMBUSTÍVEIS E LUBRIFICANTES.;1;Veículos Automotores;CASCOL COMBUSTÍVEIS PARA VEÍCULOS LTDA;306597001098.0;048372;0;2015-04-29 00:00:00;100;0;100;5;2015;0;;;1187891;5021.0;0.0;2958;5670684
347464;ULDURICO JUNIOR;178863.0;220.0;2015;BA;PPL;55.0;3;COMBUSTÍVEIS E LUBRIFICANTES.;1;Veículos Automotores;CASCOL COMBUSTÍVEIS PARA VEÍCULOS LTDA;306597001098.0;048556;0;2015-05-06 00:00:00;100;0;100;5;2015;0;;;1189589;5031.0;0.0;2958;5675486
347465;ULDURICO JUNIOR;178863.0;220.0;2015;BA;PPL;55.0;3;COMBUSTÍVEIS E LUBRIFICANTES.;1;Veículos Automotores;CASCOL COMBUSTÍVEIS PARA VEÍCULOS LTDA;306597001098.0;050008;0;2015-06-25 00:00:00;100;0;100;6;2015;0;;;1204920;5105.0;0.0;2958;5722947
347466;ULDURICO JUNIOR;178863.0;220.0;2015;BA;PPL;55.0;3;COMBUSTÍVEIS E LUBRIFICANTES.;1;Veículos Automotores;CASCOL COMBUSTÍVEIS PARA VEÍCULOS LTDA;306597001098.0;051285;0;2015-08-25 00:00:00;145,97;0;145,97;8;2015;0;;;1219647;5131.0;0.0;2958;5770115
347467;ULDURICO JUNIOR;178863.0;220.0;2015;BA;PPL;55.0;3;COMBUSTÍVEIS E LUBRIFICANTES.;1;Veículos Automotores;CASCOL COMBUSTÍVEIS PARA VEÍCULOS LTDA;306597001098.0;051897;0;2015-09-17 00:00:00;100;0;100;9;2015;0;;;1226912;5167.0;0.0;2958;5794165
347468;ULDURICO JUNIOR;178863.0;220.0;2015;BA;PPL;55.0;3;COMBUSTÍVEIS E LUBRIFICANTES.;1;Veículos Automotores;CASCOL COMBUSTÍVEIS PARA VEÍCULOS LTDA;306597001098.0;93090;0;2015-03-31 00:00:00;150;0;150;3;2015;0;;;1179679;4996.0;0.0;2958;5644136
347469;ULDURICO JUNIOR;178863.0;220.0;2015;BA;PPL;55.0;3;COMBUSTÍVEIS E LUBRIFICANTES.;1;Veículos Automotores;CASCOL COMBUSTIVEIS PARA VEICULOS LTDA;306597001250.0;043447;0;2015-09-24 00:00:00;100;0;100;9;2015;0;;;1228799;5167.0;0.0;2958;5800719
347470;ULDURICO JUNIOR;178863.0;220.0;2015;BA;PPL;55.0;3;COMBUSTÍVEIS E LUBRIFICANTES.;1;Veículos Automotores;CASCOL COMBUSTIVEIS PARA VEICULOS LTDA;306597001250.0;043614;0;2015-10-06 00:00:00;100;0;100;10;2015;0;;;1231972;5183.0;0.0;2958;5810871
347471;ULDURICO JUNIOR;178863.0;220.0;2015;BA;PPL;55.0;3;COMBUSTÍVEIS E LUBRIFICANTES.;1;Veículos Automotores;CASCOL COMBUSTIVEIS PARA VEICULOS LTDA;306597001250.0;043631;0;2015-10-07 00:00:00;150;0;150;10;2015;0;;;1233556;5194.0;0.0;2958;5816276
347472;ULDURICO JUNIOR;178863.0;220.0;2015;BA;PPL;55.0;3;COMBUSTÍVEIS E LUBRIFICANTES.;1;Veículos Automotores;CASCOL COMBUSTIVEIS PARA VEICULOS LTDA;306597001250.0;043746;0;2015-10-20 00:00:00;100;0;100;10;2015;0;;;1235253;5200.0;0.0;2958;5821927
347473;ULDURICO JUNIOR;178863.0;220.0;2015;BA;PPL;55.0;3;COMBUSTÍVEIS E LUBRIFICANTES.;1;Veículos Automotores;CASCOL COMBUSTIVEIS PARA VEICULOS LTDA;306597003112.0;027993;0;2015-02-03 00:00:00;40;0;40;2;2015;0;;;1165847;4910.0;0.0;2958;5598621
347474;ULDURICO JUNIOR;178863.0;220.0;2015;BA;PPL;55.0;3;COMBUSTÍVEIS E LUBRIFICANTES.;1;Veículos Automotores;CASCOL COMBUSTIVEIS PARA VEICULOS LTDA;306597003112.0;030311;0;2015-03-10 00:00:00;50;0;50;3;2015;0;;;1173620;4955.0;0.0;2958;5624393
347475;ULDURICO JUNIOR;178863.0;220.0;2015;BA;PPL;55.0;3;COMBUSTÍVEIS E LUBRIFICANTES.;1;Veículos Automotores;CASCOL COMBUSTIVEIS PARA VEICULOS LTDA;306597003112.0;031753;0;2015-04-08 00:00:00;50;0;50;4;2015;0;;;1182029;4995.0;0.0;2958;5651345
347476;ULDURICO JUNIOR;178863.0;220.0;2015;BA;PPL;55.0;3;COMBUSTÍVEIS E LUBRIFICANTES.;1;Veículos Automotores;CASCOL COMBUSTIVEIS PARA VEICULOS LTDA;306597003112.0;031754;0;2015-04-08 00:00:00;50;0;50;4;2015;0;;;1182026;4995.0;0.0;2958;5651341
347477;ULDURICO JUNIOR;178863.0;220.0;2015;BA;PPL;55.0;3;COMBUSTÍVEIS E LUBRIFICANTES.;1;Veículos Automotores;CASCOL COMBUSTIVEIS PARA VEICULOS LTDA;306597003112.0;031989;0;2015-04-15 00:00:00;100;0;100;4;2015;0;;;1184124;5005.0;0.0;2958;5656819
347478;ULDURICO JUNIOR;178863.0;220.0;2015;BA;PPL;55.0;3;COMBUSTÍVEIS E LUBRIFICANTES.;1;Veículos Automotores;CASCOL COMBUSTIVEIS PARA VEICULOS LTDA;306597003112.0;033381;0;2015-05-18 00:00:00;100;0;100;5;2015;0;;;1192738;5038.0;0.0;2958;5684714
347479;ULDURICO JUNIOR;178863.0;220.0;2015;BA;PPL;55.0;3;COMBUSTÍVEIS E LUBRIFICANTES.;1;Veículos Automotores;CASCOL COMBUSTIVEIS PARA VEICULOS LTDA;306597003112.0;033915;0;2015-05-26 00:00:00;100;0;100;5;2015;0;;;1195195;5045.0;0.0;2958;5692790
347480;ULDURICO JUNIOR;178863.0;220.0;2015;BA;PPL;55.0;3;COMBUSTÍVEIS E LUBRIFICANTES.;1;Veículos Automotores;CASCOL COMBUSTIVEIS PARA VEICULOS LTDA;306597003112.0;036398;0;2015-07-16 00:00:00;100;0;100;7;2015;0;;;1211143;5102.0;0.0;2958;5741401
347481;ULDURICO JUNIOR;178863.0;220.0;2015;BA;PPL;55.0;3;COMBUSTÍVEIS E LUBRIFICANTES.;1;Veículos Automotores;CASCOL COMBUSTIVEIS PARA VEICULOS LTDA;306597003112.0;038719;0;2015-09-01 00:00:00;150,87;0;150,87;9;2015;0;;;1222553;5141.0;0.0;2958;5779962
347482;ULDURICO JUNIOR;178863.0;220.0;2015;BA;PPL;55.0;3;COMBUSTÍVEIS E LUBRIFICANTES.;1;Veículos Automotores;CASCOL COMBUSTIVEIS PARA VEICULOS LTDA;306597003112.0;038720;0;2015-09-01 00:00:00;135,67;0;135,67;9;2015;0;;;1222553;5141.0;0.0;2958;5779958
347483;ULDURICO JUNIOR;178863.0;220.0;2015;BA;PPL;55.0;3;COMBUSTÍVEIS E LUBRIFICANTES.;1;Veículos Automotores;CASCOL COMBUSTIVEIS PARA VEICULOS LTDA;306597003112.0;038993;0;2015-09-08 00:00:00;150,09;0;150,09;9;2015;0;;;1224191;5143.0;0.0;2958;5785110
347484;ULDURICO JUNIOR;178863.0;220.0;2015;BA;PPL;55.0;3;COMBUSTÍVEIS E LUBRIFICANTES.;1;Veículos Automotores;CASCOL COMBUSTIVEIS PARA VEICULOS LTDA;306597003112.0;039305;0;2015-09-17 00:00:00;100;0;100;9;2015;0;;;1226912;5167.0;0.0;2958;5794156
347485;ULDURICO JUNIOR;178863.0;220.0;2015;BA;PPL;55.0;3;COMBUSTÍVEIS E LUBRIFICANTES.;1;Veículos Automotores;CASCOL COMBUSTIVEIS PARA VEICULOS LTDA;306597003112.0;040539;0;2015-10-13 00:00:00;160,01;0;160,01;10;2015;0;;;1234968;5196.0;0.0;2958;5820796
347486;ULDURICO JUNIOR;178863.0;220.0;2015;BA;PPL;55.0;3;COMBUSTÍVEIS E LUBRIFICANTES.;1;Veículos Automotores;CASCOL COMBUSTIVEIS PARA VEICULOS LTDA;306597003112.0;040897;0;2015-10-21 00:00:00;100;0;100;10;2015;0;;;1237281;5212.0;0.0;2958;5828887
347487;ULDURICO JUNIOR;178863.0;220.0;2015;BA;PPL;55.0;3;COMBUSTÍVEIS E LUBRIFICANTES.;1;Veículos Automotores;CASCOL COMBUSTIVEIS PARA VEICULOS LTDA;306597003112.0;041129;0;2015-10-28 00:00:00;100;0;100;10;2015;0;;;1237892;5214.0;0.0;2958;5830896
347488;ULDURICO JUNIOR;178863.0;220.0;2015;BA;PPL;55.0;3;COMBUSTÍVEIS E LUBRIFICANTES.;1;Veículos Automotores;CASCOL COMBUSTIVEIS PARA VEICULOS LTDA;306597003112.0;042095;0;2015-11-18 00:00:00;162,67;0;162,67;11;2015;0;;;1243794;5233.0;0.0;2958;5849567
347489;ULDURICO JUNIOR;178863.0;220.0;2015;BA;PPL;55.0;3;COMBUSTÍVEIS E LUBRIFICANTES.;1;Veículos Automotores;CASCOL COMBUSTIVEIS PARA VEICULOS LTDA;306597003201.0;025946;0;2015-09-21 00:00:00;154,73;0;154,73;9;2015;0;;;1228159;5165.0;0.0;2958;5798592
347490;ULDURICO JUNIOR;178863.0;220.0;2015;BA;PPL;55.0;3;COMBUSTÍVEIS E LUBRIFICANTES.;1;Veículos Automotores;CASCOL COMBUSTIVEIS PARA VEICULOS LTDA;306597003201.0;027255;0;2015-11-03 00:00:00;100;0;100;11;2015;0;;;1239487;5214.0;0.0;2958;5835859
347491;ULDURICO JUNIOR;178863.0;220.0;2015;BA;PPL;55.0;3;COMBUSTÍVEIS E LUBRIFICANTES.;1;Veículos Automotores;CASCOL COMBUSTIVEIS PARA VEICULOS LTDA;306597003201.0;027836;0;2015-11-23 00:00:00;100;36,15;63,85;11;2015;0;;;1250170;5256.0;0.0;2958;5868967
347492;ULDURICO JUNIOR;178863.0;220.0;2015;BA;PPL;55.0;3;COMBUSTÍVEIS E LUBRIFICANTES.;1;Veículos Automotores;CASCOL COMBUSTIVEIS PARA VEICULOS LTDA;306597005166.0;024292;0;2015-09-03 00:00:00;30;0;30;9;2015;0;;;1224191;5143.0;0.0;2958;5785107
347493;ULDURICO JUNIOR;178863.0;220.0;2015;BA;PPL;55.0;3;COMBUSTÍVEIS E LUBRIFICANTES.;1;Veículos Automotores;DISTRIBUIDORA BRASÍLIA DE VEÍCULOS S/A;1388000226.0;169246;0;2015-03-18 00:00:00;142,09;0;142,09;3;2015;0;;;1175995;4968.0;0.0;2958;5631758
347494;ULDURICO JUNIOR;178863.0;220.0;2015;BA;PPL;55.0;3;COMBUSTÍVEIS E LUBRIFICANTES.;1;Veículos Automotores;DISTRIBUIDORA BRASÍLIA DE VEÍCULOS S/A;1388000226.0;179039;0;2015-05-04 00:00:00;100;0;100;5;2015;0;;;1187890;5021.0;0.0;2958;5670673
347495;ULDURICO JUNIOR;178863.0;220.0;2015;BA;PPL;55.0;3;COMBUSTÍVEIS E LUBRIFICANTES.;1;Veículos Automotores;Distribuidora Brasília de Veículos S/A;1388000226.0;192048;0;2015-06-25 00:00:00;196,59;0;196,59;6;2015;0;;;1204257;5071.0;0.0;2958;5720313
347496;ULDURICO JUNIOR;178863.0;220.0;2015;BA;PPL;55.0;3;COMBUSTÍVEIS E LUBRIFICANTES.;1;Veículos Automotores;DISTRIBUIDORA BRASILIA DE VEICULOS S/A;1388000226.0;197955;0;2015-07-17 00:00:00;100;0;100;7;2015;0;;;1213994;5110.0;0.0;2958;5751440
347497;ULDURICO JUNIOR;178863.0;220.0;2015;BA;PPL;55.0;3;COMBUSTÍVEIS E LUBRIFICANTES.;1;Veículos Automotores;DISTRIBUIDORA BRASILIA DE VEICULOS S/A;1388000226.0;201122;0;2015-08-02 00:00:00;156,71;0;156,71;8;2015;0;;;1212831;5108.0;0.0;2958;5748047
347498;ULDURICO JUNIOR;178863.0;220.0;2015;BA;PPL;55.0;3;COMBUSTÍVEIS E LUBRIFICANTES.;1;Veículos Automotores;DISTRIBUIDORA BRASÍLIA DE VEÍCULOS S/A;1388000226.0;264489;0;2015-03-09 00:00:00;157,31;0;157,31;3;2015;0;;;1172905;4953.0;0.0;2958;5622343
347499;ULDURICO JUNIOR;178863.0;220.0;2015;BA;PPL;55.0;3;COMBUSTÍVEIS E LUBRIFICANTES.;1;Veículos Automotores;DISTRIBUIDORA BRASÍLIA DE VEÍCULOS S/A;1388000226.0;265886;0;2015-03-13 00:00:00;107,87;0;107,87;3;2015;0;;;1174819;4963.0;0.0;2958;5628207
347500;ULDURICO JUNIOR;178863.0;220.0;2015;BA;PPL;55.0;3;COMBUSTÍVEIS E LUBRIFICANTES.;1;Veículos Automotores;DISTRIBUIDORA BRASÍLIA DE VEÍCULOS S/A;1388000226.0;270175;0;2015-04-02 00:00:00;171,68;0;171,68;4;2015;0;;;1180242;4992.0;0.0;2958;5646301
347501;ULDURICO JUNIOR;178863.0;220.0;2015;BA;PPL;55.0;3;COMBUSTÍVEIS E LUBRIFICANTES.;1;Veículos Automotores;DISTRIBUIDORA BRASÍLIA DE VEÍCULOS S/A;1388000226.0;273253;0;2015-04-20 00:00:00;175,19;0;175,19;4;2015;0;;;1184632;5006.0;0.0;2958;5659904
347502;ULDURICO JUNIOR;178863.0;220.0;2015;BA;PPL;55.0;3;COMBUSTÍVEIS E LUBRIFICANTES.;1;Veículos Automotores;DISTRIBUIDORA BRASÍLIA DE VEÍCULOS S/A;1388000226.0;276712;0;2015-05-11 00:00:00;141,1;0;141,1;5;2015;0;;;1191299;5034.0;0.0;2958;5680376
347503;ULDURICO JUNIOR;178863.0;220.0;2015;BA;PPL;55.0;3;COMBUSTÍVEIS E LUBRIFICANTES.;1;Veículos Automotores;Distribuidora Brasília de Veículos S/A;1388000226.0;280465;0;2015-06-08 00:00:00;168,56;0;168,56;6;2015;0;;;1198385;5056.0;0.0;2958;5702754
347504;ULDURICO JUNIOR;178863.0;220.0;2015;BA;PPL;55.0;3;COMBUSTÍVEIS E LUBRIFICANTES.;1;Veículos Automotores;Distribuidora Brasília de Veículos S/A;1388000226.0;280550;0;2015-06-10 00:00:00;154,65;0;154,65;6;2015;0;;;1199744;5057.0;0.0;2958;5706472
347505;ULDURICO JUNIOR;178863.0;220.0;2015;BA;PPL;55.0;3;COMBUSTÍVEIS E LUBRIFICANTES.;1;Veículos Automotores;Distribuidora Brasília de Veículos S/A;1388000226.0;281948;0;2015-06-18 00:00:00;156,88;0;156,88;6;2015;0;;;1203217;5071.0;0.0;2958;5717173
347506;ULDURICO JUNIOR;178863.0;220.0;2015;BA;PPL;55.0;3;COMBUSTÍVEIS E LUBRIFICANTES.;1;Veículos Automotores;DISTRIBUIDORA BRASILIA DE VEICULOS S/A;1388000226.0;284024;0;2015-07-06 00:00:00;115,61;0;115,61;7;2015;0;;;1207272;5093.0;0.0;2958;5730295
347507;ULDURICO JUNIOR;178863.0;220.0;2015;BA;PPL;55.0;3;COMBUSTÍVEIS E LUBRIFICANTES.;1;Veículos Automotores;DISTRIBUIDORA BRASILIA DE VEICULOS S/A;1388000226.0;289057;0;2015-08-03 00:00:00;198,17;0;198,17;8;2015;0;;;1212831;5108.0;0.0;2958;5748056
347508;ULDURICO JUNIOR;178863.0;220.0;2015;BA;PPL;55.0;3;COMBUSTÍVEIS E LUBRIFICANTES.;1;Veículos Automotores;DISTRIBUIDORA BRASÍLIA DE VEÍCULOS S/A;1388000226.0;292764;0;2015-03-13 00:00:00;157,04;0;157,04;3;2015;0;;;1174815;4963.0;0.0;2958;5628202
347509;ULDURICO JUNIOR;178863.0;220.0;2015;BA;PPL;55.0;3;COMBUSTÍVEIS E LUBRIFICANTES.;1;Veículos Automotores;DISTRIBUIDORA BRASÍLIA DE VEÍCULOS S/A;1388000226.0;295562;0;2015-03-25 00:00:00;167,39;0;167,39;3;2015;0;;;1177519;4976.0;0.0;2958;5636989
347510;ULDURICO JUNIOR;178863.0;220.0;2015;BA;PPL;55.0;3;COMBUSTÍVEIS E LUBRIFICANTES.;1;Veículos Automotores;DISTRIBUIDORA BRASÍLIA DE VEÍCULOS S/A;1388000226.0;298080;0;2015-04-06 00:00:00;84,02;0;84,02;4;2015;0;;;1180242;4992.0;0.0;2958;5646286
347511;ULDURICO JUNIOR;178863.0;220.0;2015;BA;PPL;55.0;3;COMBUSTÍVEIS E LUBRIFICANTES.;1;Veículos Automotores;DISTRIBUIDORA BRASILIA DE VEICULOS S/A;1388000226.0;301288;0;2015-08-25 00:00:00;110,28;0;110,28;8;2015;0;;;1219647;5131.0;0.0;2958;5770119
347512;ULDURICO JUNIOR;178863.0;220.0;2015;BA;PPL;55.0;3;COMBUSTÍVEIS E LUBRIFICANTES.;1;Veículos Automotores;DISTRIBUIDORA BRASÍLIA DE VEÍCULOS S/A;1388000226.0;301911;0;2015-04-20 00:00:00;142,37;0;142,37;4;2015;0;;;1184632;5006.0;0.0;2958;5659908
347513;ULDURICO JUNIOR;178863.0;220.0;2015;BA;PPL;55.0;3;COMBUSTÍVEIS E LUBRIFICANTES.;1;Veículos Automotores;DISTRIBUIDORA BRASÍLIA DE VEÍCULOS S/A;1388000226.0;304871;0;2015-05-06 00:00:00;155,19;0;155,19;5;2015;0;;;1189556;5031.0;0.0;2958;5675404
347514;ULDURICO JUNIOR;178863.0;220.0;2015;BA;PPL;55.0;3;COMBUSTÍVEIS E LUBRIFICANTES.;1;Veículos Automotores;DISTRIBUIDORA BRASÍLIA DE VEÍCULOS S/A;1388000226.0;308059;0;2015-05-18 00:00:00;146,9;0;146,9;5;2015;0;;;1192738;5038.0;0.0;2958;5684717
347515;ULDURICO JUNIOR;178863.0;220.0;2015;BA;PPL;55.0;3;COMBUSTÍVEIS E LUBRIFICANTES.;1;Veículos Automotores;DISTRIBUIDORA BRASÍLIA DE VEÍCULOS S/A;1388000226.0;310110;0;2015-05-21 00:00:00;144,18;0;144,18;5;2015;0;;;1194938;5045.0;0.0;2958;5691970
347516;ULDURICO JUNIOR;178863.0;220.0;2015;BA;PPL;55.0;3;COMBUSTÍVEIS E LUBRIFICANTES.;1;Veículos Automotores;DISTRIBUIDORA BRASÍLIA DE VEÍCULOS S/A;1388000226.0;310446;0;2015-05-22 00:00:00;167,11;0;167,11;5;2015;0;;;1194930;5045.0;0.0;2958;5691965
347517;ULDURICO JUNIOR;178863.0;220.0;2015;BA;PPL;55.0;3;COMBUSTÍVEIS E LUBRIFICANTES.;1;Veículos Automotores;DISTRIBUIDORA BRASILIA DE VEICULOS S/A;1388000226.0;322032;0;2015-06-30 00:00:00;81,42;0;81,42;6;2015;0;;;1205792;5086.0;0.0;2958;5725506
347518;ULDURICO JUNIOR;178863.0;220.0;2015;BA;PPL;55.0;3;COMBUSTÍVEIS E LUBRIFICANTES.;1;Veículos Automotores;DISTRIBUIDORA BRASILIA DE VEICULOS S/A;1388000226.0;322216;0;2015-07-01 00:00:00;157,27;0;157,27;7;2015;0;;;1205781;5086.0;0.0;2958;5725484
347519;ULDURICO JUNIOR;178863.0;220.0;2015;BA;PPL;55.0;3;COMBUSTÍVEIS E LUBRIFICANTES.;1;Veículos Automotores;DISTRIBUIDORA BRASILIA DE VEICULOS S/A;1388000226.0;330085;0;2015-08-17 00:00:00;140,55;0;140,55;8;2015;0;;;1218356;5130.0;0.0;2958;5765645
347520;ULDURICO JUNIOR;178863.0;220.0;2015;BA;PPL;55.0;3;COMBUSTÍVEIS E LUBRIFICANTES.;1;Veículos Automotores;DISTRIBUIDORA BRASÍLIA DE VEÍCULOS S/A;1388000226.0;447828;0;2015-02-23 00:00:00;162;0;162;2;2015;0;;;1168315;4934.0;0.0;2958;5607676
347521;ULDURICO JUNIOR;178863.0;220.0;2015;BA;PPL;55.0;3;COMBUSTÍVEIS E LUBRIFICANTES.;1;Veículos Automotores;DISTRIBUIDORA BRASÍLIA DE VEÍCULOS S/A;1388000226.0;450171;0;2015-02-25 00:00:00;161,56;0;161,56;2;2015;0;;;1169422;4938.0;0.0;2958;5611319
347522;ULDURICO JUNIOR;178863.0;220.0;2015;BA;PPL;55.0;3;COMBUSTÍVEIS E LUBRIFICANTES.;1;Veículos Automotores;DISTRIBUIDORA BRASÍLIA DE VEÍCULOS S/A;1388000226.0;464070;0;2015-04-27 00:00:00;114,45;0;114,45;4;2015;0;;;1186215;5010.0;0.0;2958;5665423
347523;ULDURICO JUNIOR;178863.0;220.0;2015;BA;PPL;55.0;3;COMBUSTÍVEIS E LUBRIFICANTES.;1;Veículos Automotores;DISTRIBUIDORA BRASÍLIA DE VEÍCULOS S/A;1388000226.0;469018;0;2015-05-18 00:00:00;72,94;0;72,94;5;2015;0;;;1192738;5038.0;0.0;2958;5684719
347524;ULDURICO JUNIOR;178863.0;220.0;2015;BA;PPL;55.0;3;COMBUSTÍVEIS E LUBRIFICANTES.;1;Veículos Automotores;DISTRIBUIDORA BRASILIA DE VEICULOS S/A;1388000226.0;480179;0;2015-07-08 00:00:00;156,74;0;156,74;7;2015;0;;;1208352;5093.0;0.0;2958;5733127
347525;ULDURICO JUNIOR;178863.0;220.0;2015;BA;PPL;55.0;3;COMBUSTÍVEIS E LUBRIFICANTES.;1;Veículos Automotores;DISTRIBUIDORA BRASILIA DE VEICULOS S/A;1388000226.0;482845;0;2015-07-22 00:00:00;162,79;0;162,79;7;2015;0;;;1213994;5110.0;0.0;2958;5751456
347526;ULDURICO JUNIOR;178863.0;220.0;2015;BA;PPL;55.0;3;COMBUSTÍVEIS E LUBRIFICANTES.;1;Veículos Automotores;DISTRIBUIDORA BRASILIA DE VEICULOS S/A;1388000226.0;486537;0;2015-08-11 00:00:00;160,56;0;160,56;8;2015;0;;;1216288;5121.0;0.0;2958;5758662
347527;ULDURICO JUNIOR;178863.0;220.0;2015;BA;PPL;55.0;3;COMBUSTÍVEIS E LUBRIFICANTES.;1;Veículos Automotores;DISTRIBUIDORA BRASILIA DE VEICULOS S/A - Posto Disbrave;1388000226.0;336407;0;2015-09-23 00:00:00;179,11;0;179,11;9;2015;0;;;1228159;5165.0;0.0;2958;5798578
347528;ULDURICO JUNIOR;178863.0;220.0;2015;BA;PPL;55.0;3;COMBUSTÍVEIS E LUBRIFICANTES.;1;Veículos Automotores;DRA 4 Derivados de Petróleo LTDA;19257042000130.0;2525;0;2015-04-10 00:00:00;110;0;110;4;2015;0;;;1182785;4995.0;0.0;2958;5653935
347529;ULDURICO JUNIOR;178863.0;220.0;2015;BA;PPL;55.0;3;COMBUSTÍVEIS E LUBRIFICANTES.;1;Veículos Automotores;DRA4 DERIVADOS DE PETROLEO LTDA;19257042000130.0;5346;0;2015-08-25 00:00:00;180,46;0;180,46;8;2015;0;;;1222553;5141.0;0.0;2958;5779952
347530;ULDURICO JUNIOR;178863.0;220.0;2015;BA;PPL;55.0;3;COMBUSTÍVEIS E LUBRIFICANTES.;1;Veículos Automotores;ELO COMÉRCIO E SERVIÇOS LTDA;1875781000120.0;039750;0;2015-03-10 00:00:00;100;0;100;3;2015;0;;;1173623;4955.0;0.0;2958;5624401
347531;ULDURICO JUNIOR;178863.0;220.0;2015;BA;PPL;55.0;3;COMBUSTÍVEIS E LUBRIFICANTES.;1;Veículos Automotores;ELO COMÉRCIO E SERVIÇOS LTDA;1875781000120.0;043440;0;2015-05-07 00:00:00;100;0;100;5;2015;0;;;1191296;5034.0;0.0;2958;5680373
347532;ULDURICO JUNIOR;178863.0;220.0;2015;BA;PPL;55.0;3;COMBUSTÍVEIS E LUBRIFICANTES.;1;Veículos Automotores;FRATELLI POSTO DE COMBUSTÍVEIS LTDA;8884038000186.0;145327;0;2015-07-14 00:00:00;100;0;100;7;2015;0;;;1210490;5099.0;0.0;2958;5737707
347533;ULDURICO JUNIOR;178863.0;220.0;2015;BA;PPL;55.0;3;COMBUSTÍVEIS E LUBRIFICANTES.;1;Veículos Automotores;FRATELLI POSTO DE COMBUSTÍVEIS LTDA;8884038000186.0;149185;0;2015-08-05 00:00:00;114,37;0;114,37;8;2015;0;;;1216288;5121.0;0.0;2958;5758671
347534;ULDURICO JUNIOR;178863.0;220.0;2015;BA;PPL;55.0;3;COMBUSTÍVEIS E LUBRIFICANTES.;1;Veículos Automotores;FRATELLI POSTO DE COMBUSTÍVEIS LTDA;8884038000186.0;159393;0;2015-09-15 00:00:00;60;0;60;9;2015;0;;;1225677;5150.0;0.0;2958;5790342
347535;ULDURICO JUNIOR;178863.0;220.0;2015;BA;PPL;55.0;3;COMBUSTÍVEIS E LUBRIFICANTES.;1;Veículos Automotores;FRATELLI POSTO DE COMBUSTÍVEIS LTDA;8884038000186.0;159403;0;2015-09-15 00:00:00;40;0;40;9;2015;0;;;1225677;5150.0;0.0;2958;5790332
347536;ULDURICO JUNIOR;178863.0;220.0;2015;BA;PPL;55.0;3;COMBUSTÍVEIS E LUBRIFICANTES.;1;Veículos Automotores;FRATELLI POSTO DE COMBUSTÍVEIS LTDA;8884038000186.0;163240;0;2015-09-29 00:00:00;100;0;100;9;2015;0;;;1229585;5174.0;0.0;2958;5803418
347537;ULDURICO JUNIOR;178863.0;220.0;2015;BA;PPL;55.0;3;COMBUSTÍVEIS E LUBRIFICANTES.;1;Veículos Automotores;FRATELLI POSTO DE COMBUSTÍVEIS LTDA;8884038000186.0;163944;0;2015-10-20 00:00:00;124,86;0;124,86;10;2015;0;;;1235253;5200.0;0.0;2958;5821932
347538;ULDURICO JUNIOR;178863.0;220.0;2015;BA;PPL;55.0;3;COMBUSTÍVEIS E LUBRIFICANTES.;1;Veículos Automotores;G3 AUTO POSTO LTDA.;8414749000197.0;313934;0;2015-09-30 00:00:00;130;0;130;9;2015;0;;;1229833;5174.0;0.0;2958;5804103
347539;ULDURICO JUNIOR;178863.0;220.0;2015;BA;PPL;55.0;3;COMBUSTÍVEIS E LUBRIFICANTES.;1;Veículos Automotores;JA JUR COM. DE DERIV. DE PETROLEO LTDA.;72622608000240.0;057668;0;2015-12-02 00:00:00;50;0;50;12;2015;0;;;1250170;5256.0;0.0;2958;5869133
347540;ULDURICO JUNIOR;178863.0;220.0;2015;BA;PPL;55.0;3;COMBUSTÍVEIS E LUBRIFICANTES.;1;Veículos Automotores;PAULO SERGIO SILVA;72577414000199.0;256331;0;2015-10-09 00:00:00;161,54;0;161,54;10;2015;0;;;1233556;5194.0;0.0;2958;5816316
347541;ULDURICO JUNIOR;178863.0;220.0;2015;BA;PPL;55.0;3;COMBUSTÍVEIS E LUBRIFICANTES.;1;Veículos Automotores;PETROTRANS TRANS. QUIM E PETROMIMICOS LTDA ME;12518538000171.0;097067;0;2015-04-24 00:00:00;50,01;0;50,01;4;2015;0;;;1199922;5057.0;0.0;2958;5706850
347542;ULDURICO JUNIOR;178863.0;220.0;2015;BA;PPL;55.0;3;COMBUSTÍVEIS E LUBRIFICANTES.;1;Veículos Automotores;PETROTRANS TRANS. QUIM E PETROMIMICOS LTDA ME;12518538000171.0;100440;0;2015-05-09 00:00:00;100;0;100;5;2015;0;;;1199922;5057.0;0.0;2958;5706872
347543;ULDURICO JUNIOR;178863.0;220.0;2015;BA;PPL;55.0;3;COMBUSTÍVEIS E LUBRIFICANTES.;1;Veículos Automotores;PETROTRANS TRANS. QUIM E PETROMIMICOS LTDA ME;12518538000171.0;122207;0;2015-08-14 00:00:00;170;0;170;8;2015;0;;;1224191;5143.0;0.0;2958;5785096
347544;ULDURICO JUNIOR;178863.0;220.0;2015;BA;PPL;55.0;3;COMBUSTÍVEIS E LUBRIFICANTES.;1;Veículos Automotores;PETROTRANS TRANS. QUIM E PETROMIMICOS LTDA ME;12518538000171.0;4064;0;2015-11-13 00:00:00;1360,09;0;1360,09;11;2015;0;;;1245443;5240.0;0.0;2958;5854049
347545;ULDURICO JUNIOR;178863.0;220.0;2015;BA;PPL;55.0;3;COMBUSTÍVEIS E LUBRIFICANTES.;1;Veículos Automotores;PETROTRANS TRANS. QUIM E PETROMIMICOS LTDA ME;12518538000171.0;4064;0;2015-11-17 00:00:00;1360,09;0;1360,09;11;2015;0;;;1243173;5233.0;0.0;2958;5847620
347546;ULDURICO JUNIOR;178863.0;220.0;2015;BA;PPL;55.0;3;COMBUSTÍVEIS E LUBRIFICANTES.;1;Veículos Automotores;PETROTRANS TRANS. QUIM E PETROMIMICOS LTDA ME;12518538000171.0;4267;0;2015-12-04 00:00:00;1360;0;1360;12;2015;0;;;1250174;5256.0;0.0;2958;5870216
347547;ULDURICO JUNIOR;178863.0;220.0;2015;BA;PPL;55.0;3;COMBUSTÍVEIS E LUBRIFICANTES.;1;Veículos Automotores;POSTO 105;2760928000108.0;029707;0;2015-10-01 00:00:00;150;0;150;10;2015;0;;;1230854;5183.0;0.0;2958;5807413
347548;ULDURICO JUNIOR;178863.0;220.0;2015;BA;PPL;55.0;3;COMBUSTÍVEIS E LUBRIFICANTES.;1;Veículos Automotores;POSTO 105;2760928000108.0;029711;0;2015-10-01 00:00:00;158,22;0;158,22;10;2015;0;;;1231166;5183.0;0.0;2958;5808722
347549;ULDURICO JUNIOR;178863.0;220.0;2015;BA;PPL;55.0;3;COMBUSTÍVEIS E LUBRIFICANTES.;1;Veículos Automotores;POSTO 105;2760928000108.0;029993;0;2015-10-06 00:00:00;150;0;150;10;2015;0;;;1233556;5194.0;0.0;2958;5816306
347550;ULDURICO JUNIOR;178863.0;220.0;2015;BA;PPL;55.0;3;COMBUSTÍVEIS E LUBRIFICANTES.;1;Veículos Automotores;POSTO 105;2760928000108.0;032096;0;2015-11-11 00:00:00;187,62;0;187,62;11;2015;0;;;1242208;5230.0;0.0;2958;5844102
347551;ULDURICO JUNIOR;178863.0;220.0;2015;BA;PPL;55.0;3;COMBUSTÍVEIS E LUBRIFICANTES.;1;Veículos Automotores;POSTO 105;2760928000108.0;033511;0;2015-11-18 00:00:00;157,97;0;157,97;11;2015;0;;;1244282;5238.0;0.0;2958;5851095
347552;ULDURICO JUNIOR;178863.0;220.0;2015;BA;PPL;55.0;3;COMBUSTÍVEIS E LUBRIFICANTES.;1;Veículos Automotores;POSTO 105;2760928000108.0;033515;0;2015-11-18 00:00:00;157,65;0;157,65;11;2015;0;;;1244282;5238.0;0.0;2958;5851099
347553;ULDURICO JUNIOR;178863.0;220.0;2015;BA;PPL;55.0;3;COMBUSTÍVEIS E LUBRIFICANTES.;1;Veículos Automotores;POSTO 105;2760928000108.0;036311;0;2015-12-03 00:00:00;175,55;0;175,55;12;2015;0;;;1250170;5256.0;0.0;2958;5869114
347554;ULDURICO JUNIOR;178863.0;220.0;2015;BA;PPL;55.0;3;COMBUSTÍVEIS E LUBRIFICANTES.;1;Veículos Automotores;POSTO 105;2760928000108.0;036312;0;2015-12-03 00:00:00;150,7;0;150,7;12;2015;0;;;1250170;5256.0;0.0;2958;5868977
347555;ULDURICO JUNIOR;178863.0;220.0;2015;BA;PPL;55.0;3;COMBUSTÍVEIS E LUBRIFICANTES.;1;Veículos Automotores;POSTO CANAÃ;6238373000181.0;294948;0;2015-05-07 00:00:00;100;0;100;5;2015;0;;;1199922;5057.0;0.0;2958;5706957
347556;ULDURICO JUNIOR;178863.0;220.0;2015;BA;PPL;55.0;3;COMBUSTÍVEIS E LUBRIFICANTES.;1;Veículos Automotores;POSTO DA TORRE LTDA;4473193000159.0;781085;0;2015-03-19 00:00:00;100;0;100;3;2015;0;;;1176501;4971.0;0.0;2958;5633393
347557;ULDURICO JUNIOR;178863.0;220.0;2015;BA;PPL;55.0;3;COMBUSTÍVEIS E LUBRIFICANTES.;1;Veículos Automotores;Posto Disbrave Imperial Ltda.;10750039000180.0;436726;0;2015-12-02 00:00:00;165,02;0;165,02;12;2015;0;;;1247700;5247.0;0.0;2958;5862453
347558;ULDURICO JUNIOR;178863.0;220.0;2015;BA;PPL;55.0;3;COMBUSTÍVEIS E LUBRIFICANTES.;1;Veículos Automotores;POSTO GT;15680284000181.0;154922;0;2015-12-15 00:00:00;148,98;0;148,98;12;2015;0;;;1251729;5275.0;0.0;2958;5875285
347559;ULDURICO JUNIOR;178863.0;220.0;2015;BA;PPL;55.0;3;COMBUSTÍVEIS E LUBRIFICANTES.;1;Veículos Automotores;POSTO MALACARNE;19003517000162.0;048188;0;2015-04-17 00:00:00;50;0;50;4;2015;0;;;1199922;5057.0;0.0;2958;5706772
347560;ULDURICO JUNIOR;178863.0;220.0;2015;BA;PPL;55.0;3;COMBUSTÍVEIS E LUBRIFICANTES.;1;Veículos Automotores;Posto MK 107 Ltda;5625571000135.0;243880;0;2015-11-03 00:00:00;50;0;50;11;2015;0;;;1239487;5214.0;0.0;2958;5835891
347561;ULDURICO JUNIOR;178863.0;220.0;2015;BA;PPL;55.0;3;COMBUSTÍVEIS E LUBRIFICANTES.;1;Veículos Automotores;Posto Petrominas;9205835000152.0;429142;0;2015-03-25 00:00:00;120;0;120;3;2015;0;;;1177879;4976.0;0.0;2958;5638115
347562;ULDURICO JUNIOR;178863.0;220.0;2015;BA;PPL;55.0;3;COMBUSTÍVEIS E LUBRIFICANTES.;1;Veículos Automotores;POSTO PIONEIRO;34400580000126.0;3242;0;2015-11-20 00:00:00;2402,36;2,3;2400,06;11;2015;0;;;1247694;5249.0;0.0;2958;5862443
347563;ULDURICO JUNIOR;178863.0;220.0;2015;BA;PPL;55.0;3;COMBUSTÍVEIS E LUBRIFICANTES.;1;Veículos Automotores;POSTO PLANALTO;313221000209.0;439905;0;2015-12-15 00:00:00;50;0;50;12;2015;0;;;1253177;5263.0;0.0;2958;5879304
347564;ULDURICO JUNIOR;178863.0;220.0;2015;BA;PPL;55.0;3;COMBUSTÍVEIS E LUBRIFICANTES.;1;Veículos Automotores;SALIM CAMAL COM. E DERIVADOS DE PETROLEO LTDA;5038928000340.0;113072;0;2015-04-18 00:00:00;198,35;0;198,35;4;2015;0;;;1199922;5057.0;0.0;2958;5706781
347565;ULDURICO JUNIOR;178863.0;220.0;2015;BA;PPL;55.0;3;COMBUSTÍVEIS E LUBRIFICANTES.;1;Veículos Automotores;VAZ DERIVADOS DE PETROLEO LTDA-ME;19131398000123.0;095850;0;2015-09-06 00:00:00;102,05;0;102,05;9;2015;0;;;1224193;5143.0;0.0;2958;5785100
347566;ULDURICO JUNIOR;178863.0;220.0;2015;BA;PPL;55.0;3;COMBUSTÍVEIS E LUBRIFICANTES.;1;Veículos Automotores;VAZ DERIVADOS DE PETROLEO LTDA-ME;19131398000123.0;108178;0;2015-10-20 00:00:00;278,94;0;278,94;10;2015;0;;;1235253;5200.0;0.0;2958;5821930
347567;ULDURICO JUNIOR;178863.0;220.0;2015;BA;PPL;55.0;4;CONSULTORIAS, PESQUISAS E TRABALHOS TÉCNICOS.;0;;FONTES E LARANJEIRA ADVOCACIA E CONSULTORIA;15770146000193.0;00000012;0;2015-12-17 00:00:00;10000;0;10000;12;2015;0;;;1253230;5284.0;0.0;2958;5879333
347568;ULDURICO JUNIOR;178863.0;220.0;2015;BA;PPL;55.0;4;CONSULTORIAS, PESQUISAS E TRABALHOS TÉCNICOS.;0;;LINCE ASSESSORIA E CONSULTORIA LTDA ME;5205920000160.0;0014;0;2015-12-16 00:00:00;500;0;500;12;2015;0;;;1253173;5263.0;0.0;2958;5879292
347569;ULDURICO JUNIOR;178863.0;220.0;2015;BA;PPL;55.0;5;DIVULGAÇÃO DA ATIVIDADE PARLAMENTAR.;0;;InCine Video Ltda - ME;13230334000101.0;574;0;2015-04-16 00:00:00;3000;0;3000;4;2015;0;;;1184330;5014.0;0.0;2958;5658760
347570;ULDURICO JUNIOR;178863.0;220.0;2015;BA;PPL;55.0;5;DIVULGAÇÃO DA ATIVIDADE PARLAMENTAR.;0;;InCine Video Ltda - ME;13230334000101.0;599;0;2015-05-26 00:00:00;3000;0;3000;5;2015;0;;;1194926;5057.0;0.0;2958;5691947
347571;ULDURICO JUNIOR;178863.0;220.0;2015;BA;PPL;55.0;5;DIVULGAÇÃO DA ATIVIDADE PARLAMENTAR.;0;;InCine Video Ltda - ME;13230334000101.0;629;0;2015-06-16 00:00:00;3000;0;3000;6;2015;0;;;1203218;5071.0;0.0;2958;5717167
347572;ULDURICO JUNIOR;178863.0;220.0;2015;BA;PPL;55.0;5;DIVULGAÇÃO DA ATIVIDADE PARLAMENTAR.;0;;InCine Video Ltda - ME;13230334000101.0;640;0;2015-07-08 00:00:00;3000;0;3000;7;2015;0;;;1209516;5113.0;0.0;2958;5736838
347573;ULDURICO JUNIOR;178863.0;220.0;2015;BA;PPL;55.0;5;DIVULGAÇÃO DA ATIVIDADE PARLAMENTAR.;0;;InCine Video Ltda - ME;13230334000101.0;673;0;2015-08-25 00:00:00;3000;0;3000;8;2015;0;;;1219658;5131.0;0.0;2958;5770180
347574;ULDURICO JUNIOR;178863.0;220.0;2015;BA;PPL;55.0;5;DIVULGAÇÃO DA ATIVIDADE PARLAMENTAR.;0;;InCine Video Ltda - ME;13230334000101.0;708;0;2015-09-16 00:00:00;3000;0;3000;9;2015;0;;;1228163;5167.0;0.0;2958;5798636
347575;ULDURICO JUNIOR;178863.0;220.0;2015;BA;PPL;55.0;5;DIVULGAÇÃO DA ATIVIDADE PARLAMENTAR.;0;;InCine Video Ltda - ME;13230334000101.0;731;0;2015-10-20 00:00:00;5500;0;5500;10;2015;0;;;1235974;5201.0;0.0;2958;5824309
347576;ULDURICO JUNIOR;178863.0;220.0;2015;BA;PPL;55.0;5;DIVULGAÇÃO DA ATIVIDADE PARLAMENTAR.;0;;InCine Video Ltda - ME;13230334000101.0;775;0;2015-11-17 00:00:00;4500;0;4500;11;2015;0;;;1244350;5240.0;0.0;2958;5851274
347577;ULDURICO JUNIOR;178863.0;220.0;2015;BA;PPL;55.0;5;DIVULGAÇÃO DA ATIVIDADE PARLAMENTAR.;0;;InCine Video Ltda - ME;13230334000101.0;805;0;2015-12-07 00:00:00;3000;0;3000;12;2015;0;;;1250494;5266.0;0.0;2958;5871160
347578;ULDURICO JUNIOR;178863.0;220.0;2015;BA;PPL;55.0;5;DIVULGAÇÃO DA ATIVIDADE PARLAMENTAR.;0;;INCINE VIDEO LTDAME;13230334000101.0;543;0;2015-03-15 00:00:00;3000;0;3000;3;2015;0;;;1174934;4964.0;0.0;2958;5628642
347579;ULDURICO JUNIOR;178863.0;220.0;2015;BA;PPL;55.0;5;DIVULGAÇÃO DA ATIVIDADE PARLAMENTAR.;0;;SILVA E SALOMAO LTDA-ME;15492180000143.0;737;0;2015-09-04 00:00:00;28000;0;28000;9;2015;0;;;1224186;5143.0;0.0;2958;5785088
347580;ULDURICO JUNIOR;178863.0;220.0;2015;BA;PPL;55.0;5;DIVULGAÇÃO DA ATIVIDADE PARLAMENTAR.;0;;SILVA E SALOMAO LTDA-ME;15492180000143.0;753;0;2015-10-05 00:00:00;18000;0;18000;10;2015;0;;;1234540;5190.0;0.0;2958;5819451
347581;ULDURICO JUNIOR;178863.0;220.0;2015;BA;PPL;55.0;5;DIVULGAÇÃO DA ATIVIDADE PARLAMENTAR.;0;;SILVA E SALOMAO LTDA-ME;15492180000143.0;817;0;2015-11-19 00:00:00;24000;0;24000;11;2015;0;;;1245458;5238.0;0.0;2958;5854065
347582;ULDURICO JUNIOR;178863.0;220.0;2015;BA;PPL;55.0;5;DIVULGAÇÃO DA ATIVIDADE PARLAMENTAR.;0;;UNIGRAF-GRAFICA E EDITORA MARIA LTDA;2207661000118.0;001446;0;2015-02-27 00:00:00;25000;0;25000;3;2015;0;;;1177087;4971.0;0.0;2958;5635676
347583;ULDURICO JUNIOR;178863.0;220.0;2015;BA;PPL;55.0;5;DIVULGAÇÃO DA ATIVIDADE PARLAMENTAR.;0;;UNIGRAF-GRAFICA E EDITORA MARIA LTDA;2207661000118.0;001450;0;2015-03-09 00:00:00;20000;0;20000;3;2015;0;;;1177900;4977.0;0.0;2958;5638195
347584;ULDURICO JUNIOR;178863.0;220.0;2015;BA;PPL;55.0;5;DIVULGAÇÃO DA ATIVIDADE PARLAMENTAR.;0;;UNIGRAF-GRAFICA E EDITORA MARIA LTDA;2207661000118.0;001475;0;2015-04-23 00:00:00;26500;0;26500;4;2015;0;;;1185426;5007.0;0.0;2958;5662642
347585;ULDURICO JUNIOR;178863.0;220.0;2015;BA;PPL;55.0;5;DIVULGAÇÃO DA ATIVIDADE PARLAMENTAR.;0;;UNIGRAF-GRAFICA E EDITORA MARIA LTDA;2207661000118.0;001494;0;2015-05-05 00:00:00;28500;0;28500;5;2015;0;;;1190200;5023.0;0.0;2958;5676955
347586;ULDURICO JUNIOR;178863.0;220.0;2015;BA;PPL;55.0;5;DIVULGAÇÃO DA ATIVIDADE PARLAMENTAR.;0;;UNIGRAF-GRAFICA E EDITORA MARIA LTDA;2207661000118.0;001500;0;2015-06-05 00:00:00;20000;0;20000;6;2015;0;;;1198377;5056.0;0.0;2958;5702747
347587;ULDURICO JUNIOR;178863.0;220.0;2015;BA;PPL;55.0;5;DIVULGAÇÃO DA ATIVIDADE PARLAMENTAR.;0;;UNIGRAF-GRAFICA E EDITORA MARIA LTDA;2207661000118.0;001516;0;2015-07-08 00:00:00;25000;0;25000;7;2015;0;;;1208129;5089.0;0.0;2958;5732496
347588;ULDURICO JUNIOR;178863.0;220.0;2015;BA;PPL;55.0;5;DIVULGAÇÃO DA ATIVIDADE PARLAMENTAR.;0;;UNIGRAF-GRAFICA E EDITORA MARIA LTDA;2207661000118.0;001525;0;2015-08-04 00:00:00;25000;0;25000;7;2015;0;;;1213062;5109.0;0.0;2958;5748684
347589;ULDURICO JUNIOR;178863.0;220.0;2015;BA;PPL;55.0;5;DIVULGAÇÃO DA ATIVIDADE PARLAMENTAR.;0;;WORKING;8865615000192.0;18752;0;2015-02-11 00:00:00;2200;0;2200;2;2015;0;;;1167590;4921.0;0.0;2958;5604450
347590;ULDURICO JUNIOR;178863.0;220.0;2015;BA;PPL;55.0;5;DIVULGAÇÃO DA ATIVIDADE PARLAMENTAR.;0;;WORKING;8865615000192.0;19111;0;2015-03-26 00:00:00;5000;0;5000;3;2015;0;;;1178861;4992.0;0.0;2958;5641742
347591;ULDURICO JUNIOR;178863.0;220.0;2015;BA;PPL;55.0;5;DIVULGAÇÃO DA ATIVIDADE PARLAMENTAR.;0;;WORKING;8865615000192.0;19567;0;2015-05-26 00:00:00;1200;0;1200;5;2015;0;;;1194921;5048.0;0.0;2958;5691919
347592;ULDURICO JUNIOR;178863.0;220.0;2015;BA;PPL;55.0;9;PASSAGENS AÉREAS;0;;AVIANCA;2575829000148.0;2472414531134;0;2015-02-23 00:00:00;679,03;0;679,03;2;2015;0;;BSB/SSA;1168310;4934.0;0.0;2958;5607650
347593;ULDURICO JUNIOR;178863.0;220.0;2015;BA;PPL;55.0;9;PASSAGENS AÉREAS;0;;GOL LINHAS AÉREAS INTELIGENTES;7575651000159.0;196301399;0;2015-02-10 00:00:00;593,85;0;593,85;2;2015;0;;PORTO SEGURO/BRASILIA;1167007;4978.0;0.0;2958;5602873
347594;ULDURICO JUNIOR;178863.0;220.0;2015;BA;PPL;55.0;9;PASSAGENS AÉREAS;0;;GOL LINHAS AÉREAS INTELIGENTES;7575651000159.0;196848710;0;2015-03-05 00:00:00;253,54;0;253,54;2;2015;0;;SSA/BSB;1172356;4948.0;0.0;2958;5620381
347595;ULDURICO JUNIOR;178863.0;220.0;2015;BA;PPL;55.0;10;TELEFONIA;0;;RAMAL;;;0;;969,2;0;969,2;3;2015;0;;;0;0.0;0.0;2958;0
347596;ULDURICO JUNIOR;178863.0;220.0;2015;BA;PPL;55.0;10;TELEFONIA;0;;RAMAL;;;0;;923,27;0;923,27;5;2015;0;;;0;0.0;0.0;2958;0
347597;ULDURICO JUNIOR;178863.0;220.0;2015;BA;PPL;55.0;10;TELEFONIA;0;;RAMAL;;;0;;888,77;0;888,77;9;2015;0;;;0;0.0;0.0;2958;0
347598;ULDURICO JUNIOR;178863.0;220.0;2015;BA;PPL;55.0;10;TELEFONIA;0;;RAMAL;;;0;;815,87;0;815,87;8;2015;0;;;0;0.0;0.0;2958;0
347599;ULDURICO JUNIOR;178863.0;220.0;2015;BA;PPL;55.0;10;TELEFONIA;0;;RAMAL;;;0;;794,63;0;794,63;7;2015;0;;;0;0.0;0.0;2958;0
347600;ULDURICO JUNIOR;178863.0;220.0;2015;BA;PPL;55.0;10;TELEFONIA;0;;RAMAL;;;0;;695,88;0;695,88;4;2015;0;;;0;0.0;0.0;2958;0
347601;ULDURICO JUNIOR;178863.0;220.0;2015;BA;PPL;55.0;10;TELEFONIA;0;;RAMAL;;;0;;632,33;0;632,33;6;2015;0;;;0;0.0;0.0;2958;0
347602;ULDURICO JUNIOR;178863.0;220.0;2015;BA;PPL;55.0;10;TELEFONIA;0;;RAMAL;;;0;;486,08;0;486,08;2;2015;0;;;0;0.0;0.0;2958;0
347603;ULDURICO JUNIOR;178863.0;220.0;2015;BA;PPL;55.0;10;TELEFONIA;0;;RAMAL;;;0;;418,89;0;418,89;10;2015;0;;;0;0.0;0.0;2958;0
347604;ULDURICO JUNIOR;178863.0;220.0;2015;BA;PPL;55.0;10;TELEFONIA;0;;RAMAL;;;0;;331,6;0;331,6;11;2015;0;;;0;0.0;0.0;2958;0
347605;ULDURICO JUNIOR;178863.0;220.0;2015;BA;PPL;55.0;10;TELEFONIA;0;;RAMAL;;;0;;207,98;0;207,98;12;2015;0;;;0;0.0;0.0;2958;0
347606;ULDURICO JUNIOR;178863.0;220.0;2015;BA;PPL;55.0;11;SERVIÇOS POSTAIS;0;;CORREIOS - CARTA REGISTRADA COM AR;;RSP : 2119057;1;2015-05-08 14:52:31;8,6;0;8,6;5;2015;0;;;0;0.0;0.0;2958;0
347607;ULDURICO JUNIOR;178863.0;220.0;2015;BA;PPL;55.0;11;SERVIÇOS POSTAIS;0;;CORREIOS - CARTA REGISTRADA COM AR;;RSP : 2120216;1;2015-05-19 14:51:25;26,35;0;26,35;5;2015;0;;;0;0.0;0.0;2958;0
347608;ULDURICO JUNIOR;178863.0;220.0;2015;BA;PPL;55.0;11;SERVIÇOS POSTAIS;0;;CORREIOS - DOCUMENTO PRIORITÁRIO;;RSP : 2117605;1;2015-04-27 17:13:30;9,6;0;9,6;4;2015;0;;;0;0.0;0.0;2958;0
347609;ULDURICO JUNIOR;178863.0;220.0;2015;BA;PPL;55.0;11;SERVIÇOS POSTAIS;0;;CORREIOS - DOCUMENTO PRIORITÁRIO;;RSP : 2119373;1;2015-05-11 17:03:27;10,15;0;10,15;5;2015;0;;;0;0.0;0.0;2958;0
347610;ULDURICO JUNIOR;178863.0;220.0;2015;BA;PPL;55.0;11;SERVIÇOS POSTAIS;0;;CORREIOS - EMS MERCADORIA COM AR;;RSP : 2114975;1;2015-04-06 12:57:10;120,75;0;120,75;4;2015;0;;;0;0.0;0.0;2958;0
347611;ULDURICO JUNIOR;178863.0;220.0;2015;BA;PPL;55.0;11;SERVIÇOS POSTAIS;0;;CORREIOS - ENCOMENDA PAC;;RSP : 2115698;1;2015-04-10 11:06:47;36,98;0;36,98;4;2015;0;;;0;0.0;0.0;2958;0
347612;ULDURICO JUNIOR;178863.0;220.0;2015;BA;PPL;55.0;11;SERVIÇOS POSTAIS;0;;CORREIOS - ENCOMENDA PAC;;RSP : 2119328;1;2015-05-11 15:37:27;130,57;0;130,57;5;2015;0;;;0;0.0;0.0;2958;0
347613;ULDURICO JUNIOR;178863.0;220.0;2015;BA;PPL;55.0;11;SERVIÇOS POSTAIS;0;;CORREIOS - ENCOMENDA PAC;;RSP : 2121337;1;2015-05-28 15:02:33;17,41;0;17,41;5;2015;0;;;0;0.0;0.0;2958;0
347614;ULDURICO JUNIOR;178863.0;220.0;2015;BA;PPL;55.0;11;SERVIÇOS POSTAIS;0;;CORREIOS - ENCOMENDA PAC;;RSP : 2124087;1;2015-06-16 16:23:10;375,7;0;375,7;6;2015;0;;;0;0.0;0.0;2958;0
347615;ULDURICO JUNIOR;178863.0;220.0;2015;BA;PPL;55.0;11;SERVIÇOS POSTAIS;0;;CORREIOS - ENCOMENDA PAC;;RSP : 2130694;1;2015-08-07 12:01:51;147,83;0;147,83;8;2015;0;;;0;0.0;0.0;2958;0
347616;ULDURICO JUNIOR;178863.0;220.0;2015;BA;PPL;55.0;11;SERVIÇOS POSTAIS;0;;CORREIOS - ENCOMENDA PAC;;RSP : 2137791;1;2015-09-29 16:45:45;96,09;0;96,09;9;2015;0;;;0;0.0;0.0;2958;0
347617;ULDURICO JUNIOR;178863.0;220.0;2015;BA;PPL;55.0;11;SERVIÇOS POSTAIS;0;;CORREIOS - ENCOMENDA PAC;;RSP : 2142771;1;2015-11-11 14:37:21;366,72;0;366,72;11;2015;0;;;0;0.0;0.0;2958;0
347618;ULDURICO JUNIOR;178863.0;220.0;2015;BA;PPL;55.0;11;SERVIÇOS POSTAIS;0;;CORREIOS - ENCOMENDA PAC;;RSP : 2143167;1;2015-11-13 17:17:18;20,5;0;20,5;11;2015;0;;;0;0.0;0.0;2958;0
347619;ULDURICO JUNIOR;178863.0;220.0;2015;BA;PPL;55.0;11;SERVIÇOS POSTAIS;0;;CORREIOS - ENCOMENDA PAC COM AR;;RSP : 2110428;1;2015-02-27 17:36:29;35,7;0;35,7;2;2015;0;;;0;0.0;0.0;2958;0
347620;ULDURICO JUNIOR;178863.0;220.0;2015;BA;PPL;55.0;11;SERVIÇOS POSTAIS;0;;CORREIOS - SEDEX 10;;RSP : 2113480;1;2015-03-23 16:55:15;59,1;0;59,1;3;2015;0;;;0;0.0;0.0;2958;0
347621;ULDURICO JUNIOR;178863.0;220.0;2015;BA;PPL;55.0;11;SERVIÇOS POSTAIS;0;;CORREIOS - SEDEX 10;;RSP : 2127320;1;2015-07-08 17:20:41;62,9;0;62,9;7;2015;0;;;0;0.0;0.0;2958;0
347622;ULDURICO JUNIOR;178863.0;220.0;2015;BA;PPL;55.0;11;SERVIÇOS POSTAIS;0;;CORREIOS - SEDEX CONVENCIONAL;;RSP : 2112606;1;2015-03-17 11:09:10;47,62;0;47,62;3;2015;0;;;0;0.0;0.0;2958;0
347623;ULDURICO JUNIOR;178863.0;220.0;2015;BA;PPL;55.0;11;SERVIÇOS POSTAIS;0;;CORREIOS - SEDEX CONVENCIONAL;;RSP : 2115051;1;2015-04-06 16:58:44;47,82;0;47,82;4;2015;0;;;0;0.0;0.0;2958;0
347624;ULDURICO JUNIOR;178863.0;220.0;2015;BA;PPL;55.0;11;SERVIÇOS POSTAIS;0;;CORREIOS - SEDEX CONVENCIONAL;;RSP : 2117367;1;2015-04-24 16:22:46;47,82;0;47,82;4;2015;0;;;0;0.0;0.0;2958;0
347625;ULDURICO JUNIOR;178863.0;220.0;2015;BA;PPL;55.0;11;SERVIÇOS POSTAIS;0;;CORREIOS - SEDEX CONVENCIONAL;;RSP : 2117606;1;2015-04-27 17:23:33;28,59;0;28,59;4;2015;0;;;0;0.0;0.0;2958;0
347626;ULDURICO JUNIOR;178863.0;220.0;2015;BA;PPL;55.0;11;SERVIÇOS POSTAIS;0;;CORREIOS - SEDEX CONVENCIONAL;;RSP : 2118064;1;2015-04-30 11:25:57;35,94;0;35,94;4;2015;0;;;0;0.0;0.0;2958;0
347627;ULDURICO JUNIOR;178863.0;220.0;2015;BA;PPL;55.0;11;SERVIÇOS POSTAIS;0;;CORREIOS - SEDEX CONVENCIONAL;;RSP : 2118707;1;2015-05-06 13:09:12;28,59;0;28,59;5;2015;0;;;0;0.0;0.0;2958;0
347628;ULDURICO JUNIOR;178863.0;220.0;2015;BA;PPL;55.0;11;SERVIÇOS POSTAIS;0;;CORREIOS - SEDEX CONVENCIONAL;;RSP : 2119612;1;2015-05-14 17:48:03;47,62;0;47,62;5;2015;0;;;0;0.0;0.0;2958;0
347629;ULDURICO JUNIOR;178863.0;220.0;2015;BA;PPL;55.0;11;SERVIÇOS POSTAIS;0;;CORREIOS - SEDEX CONVENCIONAL;;RSP : 2119923;1;2015-05-15 09:46:23;47,82;0;47,82;5;2015;0;;;0;0.0;0.0;2958;0
347630;ULDURICO JUNIOR;178863.0;220.0;2015;BA;PPL;55.0;11;SERVIÇOS POSTAIS;0;;CORREIOS - SEDEX CONVENCIONAL;;RSP : 2121534;1;2015-05-28 15:01:54;60,09;0;60,09;5;2015;0;;;0;0.0;0.0;2958;0
347631;ULDURICO JUNIOR;178863.0;220.0;2015;BA;PPL;55.0;11;SERVIÇOS POSTAIS;0;;CORREIOS - SEDEX CONVENCIONAL;;RSP : 2127460;1;2015-07-09 16:04:28;46,82;0;46,82;7;2015;0;;;0;0.0;0.0;2958;0
347632;ULDURICO JUNIOR;178863.0;220.0;2015;BA;PPL;55.0;11;SERVIÇOS POSTAIS;0;;CORREIOS - SEDEX CONVENCIONAL;;RSP : 2128466;1;2015-07-16 17:14:31;77,31;0;77,31;7;2015;0;;;0;0.0;0.0;2958;0
347633;ULDURICO JUNIOR;178863.0;220.0;2015;BA;PPL;55.0;11;SERVIÇOS POSTAIS;0;;CORREIOS - SEDEX CONVENCIONAL;;RSP : 2133008;1;2015-08-25 17:40:48;46,82;0;46,82;8;2015;0;;;0;0.0;0.0;2958;0
347634;ULDURICO JUNIOR;178863.0;220.0;2015;BA;PPL;55.0;11;SERVIÇOS POSTAIS;0;;CORREIOS - SEDEX CONVENCIONAL;;RSP : 2133061;1;2015-08-25 15:52:12;283,78;0;283,78;8;2015;0;;;0;0.0;0.0;2958;0
347635;ULDURICO JUNIOR;178863.0;220.0;2015;BA;PPL;55.0;11;SERVIÇOS POSTAIS;0;;CORREIOS - SEDEX CONVENCIONAL;;RSP : 2133326;1;2015-08-26 17:14:13;77,31;0;77,31;8;2015;0;;;0;0.0;0.0;2958;0
347636;ULDURICO JUNIOR;178863.0;220.0;2015;BA;PPL;55.0;11;SERVIÇOS POSTAIS;0;;CORREIOS - SEDEX CONVENCIONAL;;RSP : 2136816;1;2015-09-21 16:55:52;50,61;0;50,61;9;2015;0;;;0;0.0;0.0;2958;0
347637;ULDURICO JUNIOR;178863.0;220.0;2015;BA;PPL;55.0;11;SERVIÇOS POSTAIS;0;;CORREIOS - SEDEX CONVENCIONAL;;RSP : 2138094;1;2015-10-01 16:32:47;38,19;0;38,19;10;2015;0;;;0;0.0;0.0;2958;0
347638;ULDURICO JUNIOR;178863.0;220.0;2015;BA;PPL;55.0;11;SERVIÇOS POSTAIS;0;;CORREIOS - SEDEX CONVENCIONAL;;RSP : 2138218;1;2015-10-02 11:15:37;46,82;0;46,82;10;2015;0;;;0;0.0;0.0;2958;0
347639;ULDURICO JUNIOR;178863.0;220.0;2015;BA;PPL;55.0;11;SERVIÇOS POSTAIS;0;;CORREIOS - SEDEX CONVENCIONAL;;RSP : 2141469;1;2015-10-29 12:24:01;55,95;0;55,95;10;2015;0;;;0;0.0;0.0;2958;0
347640;ULDURICO JUNIOR;178863.0;220.0;2015;BA;PPL;55.0;11;SERVIÇOS POSTAIS;0;;CORREIOS - SEDEX CONVENCIONAL;;RSP : 2141882;1;2015-11-04 10:42:33;38,19;0;38,19;11;2015;0;;;0;0.0;0.0;2958;0
347641;ULDURICO JUNIOR;178863.0;220.0;2015;BA;PPL;55.0;11;SERVIÇOS POSTAIS;0;;CORREIOS - SEDEX CONVENCIONAL;;RSP : 2143616;1;2015-11-17 10:28:03;30,39;0;30,39;11;2015;0;;;0;0.0;0.0;2958;0
347642;ULDURICO JUNIOR;178863.0;220.0;2015;BA;PPL;55.0;11;SERVIÇOS POSTAIS;0;;CORREIOS - SEDEX CONVENCIONAL;;RSP : 2143789;1;2015-11-18 11:16:08;90,96;0;90,96;11;2015;0;;;0;0.0;0.0;2958;0
347643;ULDURICO JUNIOR;178863.0;220.0;2015;BA;PPL;55.0;11;SERVIÇOS POSTAIS;0;;CORREIOS - SEDEX CONVENCIONAL;;RSP : 2146741;1;2015-12-09 15:34:18;38,19;0;38,19;12;2015;0;;;0;0.0;0.0;2958;0
347644;ULDURICO JUNIOR;178863.0;220.0;2015;BA;PPL;55.0;11;SERVIÇOS POSTAIS;0;;CORREIOS - SEDEX CONVENCIONAL;;RSP : 2146873;1;2015-12-10 12:15:28;53,28;0;53,28;12;2015;0;;;0;0.0;0.0;2958;0
347645;ULDURICO JUNIOR;178863.0;220.0;2015;BA;PPL;55.0;11;SERVIÇOS POSTAIS;0;;CORREIOS - SEDEX CONVENCIONAL;;RSP : 2148694;1;2015-12-22 12:29:45;50,61;0;50,61;12;2015;0;;;0;0.0;0.0;2958;0
347646;ULDURICO JUNIOR;178863.0;220.0;2015;BA;PPL;55.0;11;SERVIÇOS POSTAIS;0;;CORREIOS - SEDEX CONVENCIONAL;;RSP : 2148911;1;2015-12-23 14:51:18;46,82;0;46,82;12;2015;0;;;0;0.0;0.0;2958;0
347647;ULDURICO JUNIOR;178863.0;220.0;2015;BA;PPL;55.0;11;SERVIÇOS POSTAIS;0;;CORREIOS - SEDEX CONVENCIONAL COM AR;;RSP : 2112682;1;2015-03-17 15:45:27;116,14;0;116,14;3;2015;0;;;0;0.0;0.0;2958;0
347648;ULDURICO JUNIOR;178863.0;220.0;2015;BA;PPL;55.0;11;SERVIÇOS POSTAIS;0;;CORREIOS - SEDEX CONVENCIONAL COM AR;;RSP : 2130170;1;2015-08-05 11:44:17;56,88;0;56,88;8;2015;0;;;0;0.0;0.0;2958;0
347649;ULDURICO JUNIOR;178863.0;220.0;2015;BA;PPL;55.0;11;SERVIÇOS POSTAIS;0;;CORREIOS - SEDEX CONVENCIONAL COM AR;;RSP : 2135067;1;2015-09-09 10:34:32;41,79;0;41,79;9;2015;0;;;0;0.0;0.0;2958;0
347650;ULDURICO JUNIOR;178863.0;220.0;2015;BA;PPL;55.0;11;SERVIÇOS POSTAIS;0;;CORREIOS - SEDEX CONVENCIONAL COM AR;;RSP : 2138397;1;2015-10-06 18:05:39;41,79;0;41,79;10;2015;0;;;0;0.0;0.0;2958;0
347651;ULDURICO JUNIOR;178863.0;220.0;2015;BA;PPL;55.0;11;SERVIÇOS POSTAIS;0;;CORREIOS - SEDEX CONVENCIONAL COM AR;;RSP : 2140409;1;2015-10-21 10:55:45;92,21;0;92,21;10;2015;0;;;0;0.0;0.0;2958;0
347652;ULDURICO JUNIOR;178863.0;220.0;2015;BA;PPL;55.0;11;SERVIÇOS POSTAIS;0;;CORREIOS - SEDEX CONVENCIONAL COM AR;;RSP : 2142213;1;2015-11-05 15:55:12;50,42;0;50,42;11;2015;0;;;0;0.0;0.0;2958;0
347653;ULDURICO JUNIOR;178863.0;220.0;2015;BA;PPL;55.0;13;FORNECIMENTO DE ALIMENTAÇÃO DO PARLAMENTAR;0;;SENAC - COMP. ADM. CAM. DEP. ANEXO IV 10º ANDAR;33469172001644.0;047312;0;2015-03-25 00:00:00;100,26;47,63;52,63;3;2015;0;;;1178234;4976.0;0.0;2958;5639429
347654;ULDURICO JUNIOR;178863.0;220.0;2015;BA;PPL;55.0;14;HOSPEDAGEM ,EXCETO DO PARLAMENTAR NO DISTRITO FEDERAL.;0;;BRASTEX HOTEIS E TURISMO LTDA;2941184000110.0;00008761;0;2015-03-19 00:00:00;543,49;0;543,49;3;2015;0;;;1176484;4970.0;0.0;2958;5633325
347655;ULDURICO JUNIOR;178863.0;220.0;2015;BA;PPL;55.0;14;HOSPEDAGEM ,EXCETO DO PARLAMENTAR NO DISTRITO FEDERAL.;0;;BRASTEX HOTEIS E TURISMO LTDA;2941184000110.0;00008880;0;2015-03-25 00:00:00;756;0;756;3;2015;0;;;1177871;4976.0;0.0;2958;5638103
347656;ULDURICO JUNIOR;178863.0;220.0;2015;BA;PPL;55.0;14;HOSPEDAGEM ,EXCETO DO PARLAMENTAR NO DISTRITO FEDERAL.;0;;BRASTEX HOTEIS E TURISMO LTDA;2941184000110.0;00009091;0;2015-04-27 00:00:00;756;0;756;4;2015;0;;;1186216;5010.0;0.0;2958;5665413
347657;ULDURICO JUNIOR;178863.0;220.0;2015;BA;PPL;55.0;14;HOSPEDAGEM ,EXCETO DO PARLAMENTAR NO DISTRITO FEDERAL.;0;;BRASTEX HOTEIS E TURISMO LTDA;2941184000110.0;9531;0;2015-07-14 00:00:00;504;0;504;7;2015;0;;;1210494;5099.0;0.0;2958;5739621
347658;ULDURICO JUNIOR;178863.0;220.0;2015;BA;PPL;55.0;14;HOSPEDAGEM ,EXCETO DO PARLAMENTAR NO DISTRITO FEDERAL.;0;;BRASTEX HOTEIS E TURISMO LTDA;2941184000110.0;9532;0;2015-07-14 00:00:00;252;0;252;7;2015;0;;;1210494;5099.0;0.0;2958;5739611
347659;ULDURICO JUNIOR;178863.0;220.0;2015;BA;PPL;55.0;14;HOSPEDAGEM ,EXCETO DO PARLAMENTAR NO DISTRITO FEDERAL.;0;;BRASTEX HOTEIS E TURISMO LTDA;2941184000110.0;9788;0;2015-08-25 00:00:00;536,78;32,78;504;8;2015;0;;;1219636;5131.0;0.0;2958;5770074
347660;ULDURICO JUNIOR;178863.0;220.0;2015;BA;PPL;55.0;14;HOSPEDAGEM ,EXCETO DO PARLAMENTAR NO DISTRITO FEDERAL.;0;;HOTEL VERDE MAR LTDA;34364653000171.0;00012910;0;2015-11-23 00:00:00;378;0;378;11;2015;0;;;1247799;5251.0;0.0;2958;5862833
347661;ULDURICO JUNIOR;178863.0;220.0;2015;BA;PPL;55.0;14;HOSPEDAGEM ,EXCETO DO PARLAMENTAR NO DISTRITO FEDERAL.;0;;HOTELARIA ACCOR BRASIL S/A;9967852016635.0;00038438;0;2015-06-02 00:00:00;1023,11;279,8;743,31;6;2015;0;;;1197373;5051.0;0.0;2958;5699381
347662;ULDURICO JUNIOR;178863.0;220.0;2015;BA;PPL;55.0;14;HOSPEDAGEM ,EXCETO DO PARLAMENTAR NO DISTRITO FEDERAL.;0;;K.MARTINS EMPREENDIMENTOSE INVESTIMENTOS LTDA;12959002000191.0;4897;0;2015-12-14 00:00:00;156,45;0;156,45;12;2015;0;;;1251706;5275.0;0.0;2958;5875209
347663;ULDURICO JUNIOR;178863.0;220.0;2015;BA;PPL;55.0;14;HOSPEDAGEM ,EXCETO DO PARLAMENTAR NO DISTRITO FEDERAL.;0;;KINO EMPREENDIMENTO HOTELEIRO;10411602000438.0;00028928;0;2015-10-21 00:00:00;371,7;0;371,7;10;2015;0;;;1237259;5212.0;0.0;2958;5828822
347664;ULDURICO JUNIOR;178863.0;220.0;2015;BA;PPL;55.0;14;HOSPEDAGEM ,EXCETO DO PARLAMENTAR NO DISTRITO FEDERAL.;0;;PITUBA PLAZA HOTEL;13492673000158.0;00003838;0;2015-03-19 00:00:00;144;0;144;3;2015;0;;;1176278;4976.0;0.0;2958;5632542
347665;ULDURICO JUNIOR;178863.0;220.0;2015;BA;PPL;55.0;14;HOSPEDAGEM ,EXCETO DO PARLAMENTAR NO DISTRITO FEDERAL.;0;;POR DO SOL HOTEIS E TURISMO;17217457000155.0;301;0;2015-09-27 00:00:00;1080;0;1080;9;2015;0;;;1233563;5196.0;0.0;2958;5816334
347666;ULDURICO JUNIOR;178863.0;220.0;2015;BA;PPL;55.0;14;HOSPEDAGEM ,EXCETO DO PARLAMENTAR NO DISTRITO FEDERAL.;0;;TULIP INN CENTRO DE CONVENÇÕES;7095951000130.0;00028556;0;2015-04-30 00:00:00;732;0;732;4;2015;0;;;1188283;5023.0;0.0;2958;5671899
347667;ULDURICO JUNIOR;178863.0;220.0;2015;BA;PPL;55.0;999;Emissão Bilhete Aéreo;0;;Cia Aérea - AVIANCA;2575829000148.0;Bilhete: 2415624126;0;2015-04-22 00:00:00;563,63;0;563,63;4;2015;0;ULDURICO JUNIOR;SSA/BSB;0;0.0;0.0;2958;0
347668;ULDURICO JUNIOR;178863.0;220.0;2015;BA;PPL;55.0;999;Emissão Bilhete Aéreo;0;;Cia Aérea - AVIANCA;2575829000148.0;Bilhete: 2415624126;0;2015-04-22 00:00:00;942,04;0;942,04;4;2015;0;ULDURICO JUNIOR;BSB/SSA;0;0.0;0.0;2958;0
347669;ULDURICO JUNIOR;178863.0;220.0;2015;BA;PPL;55.0;999;Emissão Bilhete Aéreo;0;;Cia Aérea - AVIANCA;2575829000148.0;Bilhete: 2416098083;0;2015-05-06 00:00:00;464,64;0;464,64;5;2015;0;ULDURICO JUNIOR;CGH/BSB;0;0.0;0.0;2958;0
347670;ULDURICO JUNIOR;178863.0;220.0;2015;BA;PPL;55.0;999;Emissão Bilhete Aéreo;0;;Cia Aérea - AVIANCA;2575829000148.0;Bilhete: 2416098083;0;2015-05-06 00:00:00;553,03;0;553,03;5;2015;0;ULDURICO JUNIOR;BSB/CGH;0;0.0;0.0;2958;0
347671;ULDURICO JUNIOR;178863.0;220.0;2015;BA;PPL;55.0;999;Emissão Bilhete Aéreo;0;;Cia Aérea - AVIANCA;2575829000148.0;Bilhete: 2416098610;0;2015-05-19 00:00:00;324,03;0;324,03;5;2015;0;ULDURICO JUNIOR;BSB/SSA;0;0.0;0.0;2958;0
347672;ULDURICO JUNIOR;178863.0;220.0;2015;BA;PPL;55.0;999;Emissão Bilhete Aéreo;0;;Cia Aérea - AVIANCA;2575829000148.0;Bilhete: 2418645310;0;2015-10-22 00:00:00;684,64;0;684,64;10;2015;0;ULDURICO JUNIOR;FOR/BSB;0;0.0;0.0;2958;0
347673;ULDURICO JUNIOR;178863.0;220.0;2015;BA;PPL;55.0;999;Emissão Bilhete Aéreo;0;;Cia Aérea - AVIANCA;2575829000148.0;Bilhete: 2418645311;0;2015-10-22 00:00:00;439,64;0;439,64;10;2015;0;ULDURICO JUNIOR;SSA/BSB;0;0.0;0.0;2958;0
347674;ULDURICO JUNIOR;178863.0;220.0;2015;BA;PPL;55.0;999;Emissão Bilhete Aéreo;0;;Cia Aérea - AVIANCA;2575829000148.0;Bilhete: 2419205849;0;2015-11-11 00:00:00;480,45;0;480,45;11;2015;0;ULDURICO JUNIOR;GIG/BSB;0;0.0;0.0;2958;0
347675;ULDURICO JUNIOR;178863.0;220.0;2015;BA;PPL;55.0;999;Emissão Bilhete Aéreo;0;;Cia Aérea - AVIANCA;2575829000148.0;Bilhete: 2419205849;0;2015-11-11 00:00:00;535,83;0;535,83;11;2015;0;ULDURICO JUNIOR;BSB/GIG;0;0.0;0.0;2958;0
347676;ULDURICO JUNIOR;178863.0;220.0;2015;BA;PPL;55.0;999;Emissão Bilhete Aéreo;0;;Cia Aérea - AVIANCA;2575829000148.0;Bilhete: 2419205949;0;2015-11-13 00:00:00;-276,64;0;-276,64;11;2015;0;ULDURICO JUNIOR;SSA/BSB;0;0.0;0.0;2958;0
347677;ULDURICO JUNIOR;178863.0;220.0;2015;BA;PPL;55.0;999;Emissão Bilhete Aéreo;0;;Cia Aérea - AVIANCA;2575829000148.0;Bilhete: 2419205949;0;2015-11-13 00:00:00;339,64;0;339,64;11;2015;0;ULDURICO JUNIOR;SSA/BSB;0;0.0;0.0;2958;0
347678;ULDURICO JUNIOR;178863.0;220.0;2015;BA;PPL;55.0;999;Emissão Bilhete Aéreo;0;;Cia Aérea - AVIANCA;2575829000148.0;Bilhete: 2419205950;0;2015-11-13 00:00:00;-357,83;0;-357,83;11;2015;0;ULDURICO JUNIOR;BSB/SSA;0;0.0;0.0;2958;0
347679;ULDURICO JUNIOR;178863.0;220.0;2015;BA;PPL;55.0;999;Emissão Bilhete Aéreo;0;;Cia Aérea - AVIANCA;2575829000148.0;Bilhete: 2419205950;0;2015-11-13 00:00:00;440,83;0;440,83;11;2015;0;ULDURICO JUNIOR;BSB/SSA;0;0.0;0.0;2958;0
347680;ULDURICO JUNIOR;178863.0;220.0;2015;BA;PPL;55.0;999;Emissão Bilhete Aéreo;0;;Cia Aérea - AVIANCA;2575829000148.0;Bilhete: 2419206030;0;2015-11-18 00:00:00;784,35;0;784,35;11;2015;0;ULDURICO JUNIOR;CGB/SSA;0;0.0;0.0;2958;0
347681;ULDURICO JUNIOR;178863.0;220.0;2015;BA;PPL;55.0;999;Emissão Bilhete Aéreo;0;;Cia Aérea - AZUL;9296295000160.0;Bilhete: AB696D;0;2015-08-28 00:00:00;1058,25;0;1058,25;8;2015;0;ULDURICO JUNIOR;BPS/BSB;0;0.0;0.0;2958;0
347682;ULDURICO JUNIOR;178863.0;220.0;2015;BA;PPL;55.0;999;Emissão Bilhete Aéreo;0;;Cia Aérea - AZUL;9296295000160.0;Bilhete: AGFE4B;0;2015-04-29 00:00:00;130;0;130;4;2015;0;ULDURICO JUNIOR;CNF/SDU;0;0.0;0.0;2958;0
347683;ULDURICO JUNIOR;178863.0;220.0;2015;BA;PPL;55.0;999;Emissão Bilhete Aéreo;0;;Cia Aérea - AZUL;9296295000160.0;Bilhete: C7Q5PP;0;2015-05-28 00:00:00;462,25;0;462,25;5;2015;0;ULDURICO JUNIOR;BPS/BSB;0;0.0;0.0;2958;0
347684;ULDURICO JUNIOR;178863.0;220.0;2015;BA;PPL;55.0;999;Emissão Bilhete Aéreo;0;;Cia Aérea - AZUL;9296295000160.0;Bilhete: E59FWY;0;2015-05-21 00:00:00;539,25;0;539,25;5;2015;0;ULDURICO JUNIOR;BPS/SSA;0;0.0;0.0;2958;0
347685;ULDURICO JUNIOR;178863.0;220.0;2015;BA;PPL;55.0;999;Emissão Bilhete Aéreo;0;;Cia Aérea - AZUL;9296295000160.0;Bilhete: E8YC2M;0;2015-07-13 00:00:00;140;0;140;7;2015;0;ULDURICO JUNIOR;VDC/BPS;0;0.0;0.0;2958;0
347686;ULDURICO JUNIOR;178863.0;220.0;2015;BA;PPL;55.0;999;Emissão Bilhete Aéreo;0;;Cia Aérea - AZUL;9296295000160.0;Bilhete: EH18ME;0;2015-11-24 00:00:00;822,25;0;822,25;11;2015;0;ULDURICO JUNIOR;BPS/BSB;0;0.0;0.0;2958;0
347687;ULDURICO JUNIOR;178863.0;220.0;2015;BA;PPL;55.0;999;Emissão Bilhete Aéreo;0;;Cia Aérea - AZUL;9296295000160.0;Bilhete: FH2VPE;0;2015-11-27 00:00:00;1357,73;0;1357,73;11;2015;0;ULDURICO JUNIOR;BSB/JPR;0;0.0;0.0;2958;0
347688;ULDURICO JUNIOR;178863.0;220.0;2015;BA;PPL;55.0;999;Emissão Bilhete Aéreo;0;;Cia Aérea - AZUL;9296295000160.0;Bilhete: GBELMT;0;2015-03-13 00:00:00;780,98;0;780,98;3;2015;0;ULDURICO JUNIOR;TXF/BSB;0;0.0;0.0;2958;0
347689;ULDURICO JUNIOR;178863.0;220.0;2015;BA;PPL;55.0;999;Emissão Bilhete Aéreo;0;;Cia Aérea - AZUL;9296295000160.0;Bilhete: IHIYKB;0;2015-02-24 00:00:00;600,98;0;600,98;2;2015;0;ULDURICO JUNIOR;TXF/BSB;0;0.0;0.0;2958;0
347690;ULDURICO JUNIOR;178863.0;220.0;2015;BA;PPL;55.0;999;Emissão Bilhete Aéreo;0;;Cia Aérea - AZUL;9296295000160.0;Bilhete: JDJP9N;0;2015-11-05 00:00:00;415,25;0;415,25;11;2015;0;ULDURICO JUNIOR;BPS/SSA;0;0.0;0.0;2958;0
347691;ULDURICO JUNIOR;178863.0;220.0;2015;BA;PPL;55.0;999;Emissão Bilhete Aéreo;0;;Cia Aérea - AZUL;9296295000160.0;Bilhete: LENGMK;0;2015-02-05 00:00:00;1148,93;0;1148,93;2;2015;0;ULDURICO JUNIOR;BSB/SSA;0;0.0;0.0;2958;0
347692;ULDURICO JUNIOR;178863.0;220.0;2015;BA;PPL;55.0;999;Emissão Bilhete Aéreo;0;;Cia Aérea - AZUL;9296295000160.0;Bilhete: MEJISN;0;2015-10-22 00:00:00;459,25;0;459,25;10;2015;0;ULDURICO JUNIOR;BPS/SSA;0;0.0;0.0;2958;0
347693;ULDURICO JUNIOR;178863.0;220.0;2015;BA;PPL;55.0;999;Emissão Bilhete Aéreo;0;;Cia Aérea - AZUL;9296295000160.0;Bilhete: MH7HPE;0;2015-07-21 00:00:00;758,5;0;758,5;7;2015;0;ULDURICO JUNIOR;VIX/PLU/VIX;0;0.0;0.0;2958;0
347694;ULDURICO JUNIOR;178863.0;220.0;2015;BA;PPL;55.0;999;Emissão Bilhete Aéreo;0;;Cia Aérea - AZUL;9296295000160.0;Bilhete: Q7IFXF;0;2015-04-29 00:00:00;602,67;0;602,67;4;2015;0;ULDURICO JUNIOR;CNF/SDU;0;0.0;0.0;2958;0
347695;ULDURICO JUNIOR;178863.0;220.0;2015;BA;PPL;55.0;999;Emissão Bilhete Aéreo;0;;Cia Aérea - AZUL;9296295000160.0;Bilhete: QYECKZ;0;2015-05-20 00:00:00;130;0;130;5;2015;0;ULDURICO JUNIOR;BPS/SSA;0;0.0;0.0;2958;0
347696;ULDURICO JUNIOR;178863.0;220.0;2015;BA;PPL;55.0;999;Emissão Bilhete Aéreo;0;;Cia Aérea - AZUL;9296295000160.0;Bilhete: R93QPP;0;2015-06-25 00:00:00;389,25;0;389,25;6;2015;0;ULDURICO JUNIOR;BPS/SSA;0;0.0;0.0;2958;0
347697;ULDURICO JUNIOR;178863.0;220.0;2015;BA;PPL;55.0;999;Emissão Bilhete Aéreo;0;;Cia Aérea - AZUL;9296295000160.0;Bilhete: S5VFVL;0;2015-09-16 00:00:00;577,25;0;577,25;9;2015;0;ULDURICO JUNIOR;BPS/SSA;0;0.0;0.0;2958;0
347698;ULDURICO JUNIOR;178863.0;220.0;2015;BA;PPL;55.0;999;Emissão Bilhete Aéreo;0;;Cia Aérea - GOL;7575651000159.0;Bilhete: AYBLWY;0;2015-04-17 00:00:00;1598,93;0;1598,93;4;2015;0;ULDURICO JUNIOR;BSB/GRU/BPS;0;0.0;0.0;2958;0
347699;ULDURICO JUNIOR;178863.0;220.0;2015;BA;PPL;55.0;999;Emissão Bilhete Aéreo;0;;Cia Aérea - GOL;7575651000159.0;Bilhete: BGHGTW;0;2015-10-28 00:00:00;512;0;512;10;2015;0;ULDURICO JUNIOR;BSB/CGH/BSB;0;0.0;0.0;2958;0
347700;ULDURICO JUNIOR;178863.0;220.0;2015;BA;PPL;55.0;999;Emissão Bilhete Aéreo;0;;Cia Aérea - GOL;7575651000159.0;Bilhete: BGHGTW;0;2015-10-28 00:00:00;668,27;0;668,27;10;2015;0;ULDURICO JUNIOR;BSB/CGH/BSB;0;0.0;0.0;2958;0
347701;ULDURICO JUNIOR;178863.0;220.0;2015;BA;PPL;55.0;999;Emissão Bilhete Aéreo;0;;Cia Aérea - GOL;7575651000159.0;Bilhete: BGHGTW;0;2015-11-13 00:00:00;-668,27;0;-668,27;11;2015;0;ULDURICO JUNIOR;BSB/BSB;0;0.0;0.0;2958;0
347702;ULDURICO JUNIOR;178863.0;220.0;2015;BA;PPL;55.0;999;Emissão Bilhete Aéreo;0;;Cia Aérea - GOL;7575651000159.0;Bilhete: BGHGTW;0;2015-11-13 00:00:00;-182;0;-182;11;2015;0;ULDURICO JUNIOR;BSB/BSB;0;0.0;0.0;2958;0
347703;ULDURICO JUNIOR;178863.0;220.0;2015;BA;PPL;55.0;999;Emissão Bilhete Aéreo;0;;Cia Aérea - GOL;7575651000159.0;Bilhete: CCN5UF;0;2015-11-16 00:00:00;1109,27;0;1109,27;11;2015;0;ULDURICO JUNIOR;BSB/SSA/BSB;0;0.0;0.0;2958;0
347704;ULDURICO JUNIOR;178863.0;220.0;2015;BA;PPL;55.0;999;Emissão Bilhete Aéreo;0;;Cia Aérea - GOL;7575651000159.0;Bilhete: CCN5UF;0;2015-11-24 00:00:00;-163,54;0;-163,54;11;2015;0;ULDURICO JUNIOR;BSB/BSB;0;0.0;0.0;2958;0
347705;ULDURICO JUNIOR;178863.0;220.0;2015;BA;PPL;55.0;999;Emissão Bilhete Aéreo;0;;Cia Aérea - GOL;7575651000159.0;Bilhete: DBU9UI;0;2015-12-21 00:00:00;860,25;0;860,25;12;2015;0;ULDURICO JUNIOR;BPS/CNF/BSB;0;0.0;0.0;2958;0
347706;ULDURICO JUNIOR;178863.0;220.0;2015;BA;PPL;55.0;999;Emissão Bilhete Aéreo;0;;Cia Aérea - GOL;7575651000159.0;Bilhete: DBU9UI;0;2015-12-22 00:00:00;-660,25;0;-660,25;12;2015;0;ULDURICO JUNIOR;BSB/BSB;0;0.0;0.0;2958;0
347707;ULDURICO JUNIOR;178863.0;220.0;2015;BA;PPL;55.0;999;Emissão Bilhete Aéreo;0;;Cia Aérea - GOL;7575651000159.0;Bilhete: DCMMKC;0;2015-04-27 00:00:00;672,93;0;672,93;4;2015;0;ULDURICO JUNIOR;BSB/SDU;0;0.0;0.0;2958;0
347708;ULDURICO JUNIOR;178863.0;220.0;2015;BA;PPL;55.0;999;Emissão Bilhete Aéreo;0;;Cia Aérea - GOL;7575651000159.0;Bilhete: DCMMKC;0;2015-04-30 00:00:00;-552,93;0;-552,93;4;2015;0;ULDURICO JUNIOR;BSB/BSB;0;0.0;0.0;2958;0
347709;ULDURICO JUNIOR;178863.0;220.0;2015;BA;PPL;55.0;999;Emissão Bilhete Aéreo;0;;Cia Aérea - GOL;7575651000159.0;Bilhete: EYJDHI;0;2015-03-18 00:00:00;294,93;0;294,93;3;2015;0;ULDURICO JUNIOR;BSB/CNF/BPS;0;0.0;0.0;2958;0
347710;ULDURICO JUNIOR;178863.0;220.0;2015;BA;PPL;55.0;999;Emissão Bilhete Aéreo;0;;Cia Aérea - GOL;7575651000159.0;Bilhete: EYJDHI;0;2015-03-26 00:00:00;-174,93;0;-174,93;3;2015;0;ULDURICO JUNIOR;BSB/BSB;0;0.0;0.0;2958;0
347711;ULDURICO JUNIOR;178863.0;220.0;2015;BA;PPL;55.0;999;Emissão Bilhete Aéreo;0;;Cia Aérea - GOL;7575651000159.0;Bilhete: JBS9TV;0;2015-02-27 00:00:00;820,93;0;820,93;2;2015;0;ULDURICO JUNIOR;BSB/CNF/BPS;0;0.0;0.0;2958;0
347712;ULDURICO JUNIOR;178863.0;220.0;2015;BA;PPL;55.0;999;Emissão Bilhete Aéreo;0;;Cia Aérea - GOL;7575651000159.0;Bilhete: JDCJUC;0;2015-05-08 00:00:00;474,93;0;474,93;5;2015;0;ULDURICO JUNIOR;BSB/CGH;0;0.0;0.0;2958;0
347713;ULDURICO JUNIOR;178863.0;220.0;2015;BA;PPL;55.0;999;Emissão Bilhete Aéreo;0;;Cia Aérea - GOL;7575651000159.0;Bilhete: JDCJUC;0;2015-05-15 00:00:00;-354,93;0;-354,93;5;2015;0;ULDURICO JUNIOR;BSB/BSB;0;0.0;0.0;2958;0
347714;ULDURICO JUNIOR;178863.0;220.0;2015;BA;PPL;55.0;999;Emissão Bilhete Aéreo;0;;Cia Aérea - GOL;7575651000159.0;Bilhete: KC3VHF;0;2015-05-19 00:00:00;182,54;0;182,54;5;2015;0;ULDURICO JUNIOR;SSA/BSB;0;0.0;0.0;2958;0
347715;ULDURICO JUNIOR;178863.0;220.0;2015;BA;PPL;55.0;999;Emissão Bilhete Aéreo;0;;Cia Aérea - GOL;7575651000159.0;Bilhete: LDYUPC;0;2015-04-27 00:00:00;354,54;0;354,54;4;2015;0;ULDURICO JUNIOR;SDU/BSB;0;0.0;0.0;2958;0
347716;ULDURICO JUNIOR;178863.0;220.0;2015;BA;PPL;55.0;999;Emissão Bilhete Aéreo;0;;Cia Aérea - GOL;7575651000159.0;Bilhete: MGBDWJ;0;2015-05-06 00:00:00;418,25;0;418,25;5;2015;0;ULDURICO JUNIOR;BPS/CNF/BSB;0;0.0;0.0;2958;0
347717;ULDURICO JUNIOR;178863.0;220.0;2015;BA;PPL;55.0;999;Emissão Bilhete Aéreo;0;;Cia Aérea - GOL;7575651000159.0;Bilhete: MGBDWJ;0;2015-05-21 00:00:00;-298,25;0;-298,25;5;2015;0;ULDURICO JUNIOR;BSB/BSB;0;0.0;0.0;2958;0
347718;ULDURICO JUNIOR;178863.0;220.0;2015;BA;PPL;55.0;999;Emissão Bilhete Aéreo;0;;Cia Aérea - GOL;7575651000159.0;Bilhete: MMHUVH;0;2015-11-19 00:00:00;851,73;0;851,73;11;2015;0;ULDURICO JUNIOR;BSB/GRU/SSA;0;0.0;0.0;2958;0
347719;ULDURICO JUNIOR;178863.0;220.0;2015;BA;PPL;55.0;999;Emissão Bilhete Aéreo;0;;Cia Aérea - GOL;7575651000159.0;Bilhete: MMHUVH;0;2015-11-23 00:00:00;-651,73;0;-651,73;11;2015;0;ULDURICO JUNIOR;BSB/BSB;0;0.0;0.0;2958;0
347720;ULDURICO JUNIOR;178863.0;220.0;2015;BA;PPL;55.0;999;Emissão Bilhete Aéreo;0;;Cia Aérea - GOL;7575651000159.0;Bilhete: OBV3NY;0;2015-10-28 00:00:00;299;0;299;10;2015;0;ULDURICO JUNIOR;CGH/BSB;0;0.0;0.0;2958;0
347721;ULDURICO JUNIOR;178863.0;220.0;2015;BA;PPL;55.0;999;Emissão Bilhete Aéreo;0;;Cia Aérea - GOL;7575651000159.0;Bilhete: OBV3NY;0;2015-10-28 00:00:00;805,54;0;805,54;10;2015;0;ULDURICO JUNIOR;CGH/BSB;0;0.0;0.0;2958;0
347722;ULDURICO JUNIOR;178863.0;220.0;2015;BA;PPL;55.0;999;Emissão Bilhete Aéreo;0;;Cia Aérea - GOL;7575651000159.0;Bilhete: OBV3NY;0;2015-10-29 00:00:00;-805,54;0;-805,54;10;2015;0;ULDURICO JUNIOR;BSB/BSB;0;0.0;0.0;2958;0
347723;ULDURICO JUNIOR;178863.0;220.0;2015;BA;PPL;55.0;999;Emissão Bilhete Aéreo;0;;Cia Aérea - GOL;7575651000159.0;Bilhete: OBV3NY;0;2015-10-29 00:00:00;-39;0;-39;10;2015;0;ULDURICO JUNIOR;BSB/BSB;0;0.0;0.0;2958;0
347724;ULDURICO JUNIOR;178863.0;220.0;2015;BA;PPL;55.0;999;Emissão Bilhete Aéreo;0;;Cia Aérea - GOL;7575651000159.0;Bilhete: RBCSHL;0;2015-10-15 00:00:00;819,73;0;819,73;10;2015;0;ULDURICO JUNIOR;BSB/CNF/BPS;0;0.0;0.0;2958;0
347725;ULDURICO JUNIOR;178863.0;220.0;2015;BA;PPL;55.0;999;Emissão Bilhete Aéreo;0;;Cia Aérea - GOL;7575651000159.0;Bilhete: RD95HS;0;2015-05-21 00:00:00;276,54;0;276,54;5;2015;0;ULDURICO JUNIOR;SSA/BSB;0;0.0;0.0;2958;0
347726;ULDURICO JUNIOR;178863.0;220.0;2015;BA;PPL;55.0;999;Emissão Bilhete Aéreo;0;;Cia Aérea - GOL;7575651000159.0;Bilhete: TB5BNY;0;2015-02-26 00:00:00;816,25;0;816,25;2;2015;0;ULDURICO JUNIOR;BPS/CNF/BSB;0;0.0;0.0;2958;0
347727;ULDURICO JUNIOR;178863.0;220.0;2015;BA;PPL;55.0;999;Emissão Bilhete Aéreo;0;;Cia Aérea - GOL;7575651000159.0;Bilhete: VM4TMH;0;2015-05-05 00:00:00;970,93;0;970,93;5;2015;0;ULDURICO JUNIOR;BSB/CNF/BPS;0;0.0;0.0;2958;0
347728;ULDURICO JUNIOR;178863.0;220.0;2015;BA;PPL;55.0;999;Emissão Bilhete Aéreo;0;;Cia Aérea - GOL;7575651000159.0;Bilhete: VM4TMH;0;2015-05-08 00:00:00;-790,93;0;-790,93;5;2015;0;ULDURICO JUNIOR;BSB/BSB;0;0.0;0.0;2958;0
347729;ULDURICO JUNIOR;178863.0;220.0;2015;BA;PPL;55.0;999;Emissão Bilhete Aéreo;0;;Cia Aérea - GOL;7575651000159.0;Bilhete: WLNNHK;0;2015-10-14 00:00:00;813,25;0;813,25;10;2015;0;FLAVIA SENNA;BPS/CNF/BSB;0;0.0;0.0;2958;0
347730;ULDURICO JUNIOR;178863.0;220.0;2015;BA;PPL;55.0;999;Emissão Bilhete Aéreo;0;;Cia Aérea - GOL;7575651000159.0;Bilhete: WLNNHK;0;2015-10-26 00:00:00;-613,25;0;-613,25;10;2015;0;FLAVIA SENNA;BSB/BSB;0;0.0;0.0;2958;0
347731;ULDURICO JUNIOR;178863.0;220.0;2015;BA;PPL;55.0;999;Emissão Bilhete Aéreo;0;;Cia Aérea - GOL;7575651000159.0;Bilhete: WMEFUH;0;2015-05-19 00:00:00;1190,93;0;1190,93;5;2015;0;ULDURICO JUNIOR;BSB/CNF/BPS;0;0.0;0.0;2958;0
347732;ULDURICO JUNIOR;178863.0;220.0;2015;BA;PPL;55.0;999;Emissão Bilhete Aéreo;0;;Cia Aérea - GOL;7575651000159.0;Bilhete: WNZR2R;0;2015-04-14 00:00:00;1125,25;0;1125,25;4;2015;0;ULDURICO JUNIOR;BPS/CNF/BSB;0;0.0;0.0;2958;0
347733;ULDURICO JUNIOR;178863.0;220.0;2015;BA;PPL;55.0;999;Emissão Bilhete Aéreo;0;;Cia Aérea - GOL;7575651000159.0;Bilhete: XKVDNN;0;2015-11-10 00:00:00;655,27;0;655,27;11;2015;0;ULDURICO JUNIOR;BSB/SSA/BSB;0;0.0;0.0;2958;0
347734;ULDURICO JUNIOR;178863.0;220.0;2015;BA;PPL;55.0;999;Emissão Bilhete Aéreo;0;;Cia Aérea - GOL;7575651000159.0;Bilhete: XKVDNN;0;2015-11-27 00:00:00;-21,73;0;-21,73;11;2015;0;ULDURICO JUNIOR;BSB/BSB;0;0.0;0.0;2958;0
347735;ULDURICO JUNIOR;178863.0;220.0;2015;BA;PPL;55.0;999;Emissão Bilhete Aéreo;0;;Cia Aérea - GOL;7575651000159.0;Bilhete: YDBG5S;0;2015-07-06 00:00:00;1073,47;0;1073,47;7;2015;0;ULDURICO JUNIOR;BSB/GIG/BSB;0;0.0;0.0;2958;0
347736;ULDURICO JUNIOR;178863.0;220.0;2015;BA;PPL;55.0;999;Emissão Bilhete Aéreo;0;;Cia Aérea - GOL;7575651000159.0;Bilhete: YL4PHN;0;2015-12-17 00:00:00;962,54;0;962,54;12;2015;0;ULDURICO JUNIOR;FOR/SSA/BPS;0;0.0;0.0;2958;0
347737;ULDURICO JUNIOR;178863.0;220.0;2015;BA;PPL;55.0;999;Emissão Bilhete Aéreo;0;;Cia Aérea - GOL;7575651000159.0;Bilhete: ZHJ16T;0;2015-03-18 00:00:00;1236,18;0;1236,18;3;2015;0;ULDURICO JUNIOR;BSB/THE/BSB;0;0.0;0.0;2958;0
347738;ULDURICO JUNIOR;178863.0;220.0;2015;BA;PPL;55.0;999;Emissão Bilhete Aéreo;0;;Cia Aérea - GOL;7575651000159.0;Bilhete: ZHRWFT;0;2015-02-26 00:00:00;622,54;0;622,54;2;2015;0;ULDURICO JUNIOR;SSA/BSB;0;0.0;0.0;2958;0
347739;ULDURICO JUNIOR;178863.0;220.0;2015;BA;PPL;55.0;999;Emissão Bilhete Aéreo;0;;Cia Aérea - PASSAREDO;512777000135.0;Bilhete: 1006868456;0;2015-07-09 00:00:00;338,03;0;338,03;7;2015;0;ULDURICO JUNIOR;BSB/VDC;0;0.0;0.0;2958;0
347740;ULDURICO JUNIOR;178863.0;220.0;2015;BA;PPL;55.0;999;Emissão Bilhete Aéreo;0;;Cia Aérea - PASSAREDO;512777000135.0;Bilhete: 1007328065;0;2015-11-30 00:00:00;336,64;0;336,64;11;2015;0;ULDURICO JUNIOR;SSA/BPS;0;0.0;0.0;2958;0
347741;ULDURICO JUNIOR;178863.0;220.0;2015;BA;PPL;55.0;999;Emissão Bilhete Aéreo;0;;Cia Aérea - TAM;2012862000160.0;Bilhete: 957-2000.842155;0;2015-04-29 00:00:00;40;0;40;4;2015;0;ULDURICO JUNIOR;BSB/BSB;0;0.0;0.0;2958;0
347742;ULDURICO JUNIOR;178863.0;220.0;2015;BA;PPL;55.0;999;Emissão Bilhete Aéreo;0;;Cia Aérea - TAM;2012862000160.0;Bilhete: 957-2001.400029;0;2015-08-20 00:00:00;40;0;40;8;2015;0;ULDURICO JUNIOR;BSB/BSB;0;0.0;0.0;2958;0
347743;ULDURICO JUNIOR;178863.0;220.0;2015;BA;PPL;55.0;999;Emissão Bilhete Aéreo;0;;Cia Aérea - TAM;2012862000160.0;Bilhete: 957-2105.084388;0;2015-02-09 00:00:00;1768,38;0;1768,38;2;2015;0;ULDURICO JUNIOR;BSB/BPS/BSB;0;0.0;0.0;2958;0
347744;ULDURICO JUNIOR;178863.0;220.0;2015;BA;PPL;55.0;999;Emissão Bilhete Aéreo;0;;Cia Aérea - TAM;2012862000160.0;Bilhete: 957-2105.084631;0;2015-02-11 00:00:00;6;0;6;2;2015;0;ULDURICO JUNIOR;BSB/SSA/BPS/BSB;0;0.0;0.0;2958;0
347745;ULDURICO JUNIOR;178863.0;220.0;2015;BA;PPL;55.0;999;Emissão Bilhete Aéreo;0;;Cia Aérea - TAM;2012862000160.0;Bilhete: 957-2106.704518;0;2015-03-13 00:00:00;795,03;0;795,03;3;2015;0;ULDURICO JUNIOR;BSB/BPS;0;0.0;0.0;2958;0
347746;ULDURICO JUNIOR;178863.0;220.0;2015;BA;PPL;55.0;999;Emissão Bilhete Aéreo;0;;Cia Aérea - TAM;2012862000160.0;Bilhete: 957-2107.306231;0;2015-03-17 00:00:00;321,06;0;321,06;3;2015;0;ULDURICO JUNIOR;BSB/GRU/BSB;0;0.0;0.0;2958;0
347747;ULDURICO JUNIOR;178863.0;220.0;2015;BA;PPL;55.0;999;Emissão Bilhete Aéreo;0;;Cia Aérea - TAM;2012862000160.0;Bilhete: 957-2107.306368;0;2015-03-18 00:00:00;700,35;0;700,35;3;2015;0;ULDURICO JUNIOR;BPS/BSB;0;0.0;0.0;2958;0
347748;ULDURICO JUNIOR;178863.0;220.0;2015;BA;PPL;55.0;999;Emissão Bilhete Aéreo;0;;Cia Aérea - TAM;2012862000160.0;Bilhete: 957-2107.306675;0;2015-03-20 00:00:00;15;0;15;3;2015;0;ULDURICO JUNIOR;BSB/GRU/BSB;0;0.0;0.0;2958;0
347749;ULDURICO JUNIOR;178863.0;220.0;2015;BA;PPL;55.0;999;Emissão Bilhete Aéreo;0;;Cia Aérea - TAM;2012862000160.0;Bilhete: 957-2109.575195;0;2015-04-29 00:00:00;1244,03;0;1244,03;4;2015;0;ULDURICO JUNIOR;BSB/CNF;0;0.0;0.0;2958;0
347750;ULDURICO JUNIOR;178863.0;220.0;2015;BA;PPL;55.0;999;Emissão Bilhete Aéreo;0;;Cia Aérea - TAM;2012862000160.0;Bilhete: 957-2110.024509;0;2015-05-05 00:00:00;1035,35;0;1035,35;5;2015;0;ULDURICO JUNIOR;BPS/BSB;0;0.0;0.0;2958;0
347751;ULDURICO JUNIOR;178863.0;220.0;2015;BA;PPL;55.0;999;Emissão Bilhete Aéreo;0;;Cia Aérea - TAM;2012862000160.0;Bilhete: 957-2110.024651;0;2015-05-06 00:00:00;916,03;0;916,03;5;2015;0;ULDURICO JUNIOR;BSB/BPS;0;0.0;0.0;2958;0
347752;ULDURICO JUNIOR;178863.0;220.0;2015;BA;PPL;55.0;999;Emissão Bilhete Aéreo;0;;Cia Aérea - TAM;2012862000160.0;Bilhete: 957-2110.024962;0;2015-05-07 00:00:00;1040,03;0;1040,03;5;2015;0;ULDURICO JUNIOR;BSB/BPS;0;0.0;0.0;2958;0
347753;ULDURICO JUNIOR;178863.0;220.0;2015;BA;PPL;55.0;999;Emissão Bilhete Aéreo;0;;Cia Aérea - TAM;2012862000160.0;Bilhete: 957-2112.376712;0;2015-06-10 00:00:00;367,35;0;367,35;6;2015;0;ULDURICO JUNIOR;BPS/BSB;0;0.0;0.0;2958;0
347754;ULDURICO JUNIOR;178863.0;220.0;2015;BA;PPL;55.0;999;Emissão Bilhete Aéreo;0;;Cia Aérea - TAM;2012862000160.0;Bilhete: 957-2112.376833;0;2015-06-11 00:00:00;298,03;0;298,03;6;2015;0;ULDURICO JUNIOR;BSB/BPS;0;0.0;0.0;2958;0
347755;ULDURICO JUNIOR;178863.0;220.0;2015;BA;PPL;55.0;999;Emissão Bilhete Aéreo;0;;Cia Aérea - TAM;2012862000160.0;Bilhete: 957-2112.866181;0;2015-06-25 00:00:00;683,64;0;683,64;6;2015;0;ULDURICO JUNIOR;SSA/BSB;0;0.0;0.0;2958;0
347756;ULDURICO JUNIOR;178863.0;220.0;2015;BA;PPL;55.0;999;Emissão Bilhete Aéreo;0;;Cia Aérea - TAM;2012862000160.0;Bilhete: 957-2113.383737;0;2015-06-30 00:00:00;605,03;0;605,03;6;2015;0;ULDURICO JUNIOR;BSB/BPS;0;0.0;0.0;2958;0
347757;ULDURICO JUNIOR;178863.0;220.0;2015;BA;PPL;55.0;999;Emissão Bilhete Aéreo;0;;Cia Aérea - TAM;2012862000160.0;Bilhete: 957-2113.383739;0;2015-06-30 00:00:00;292,35;0;292,35;6;2015;0;ULDURICO JUNIOR;BPS/BSB;0;0.0;0.0;2958;0
347758;ULDURICO JUNIOR;178863.0;220.0;2015;BA;PPL;55.0;999;Emissão Bilhete Aéreo;0;;Cia Aérea - TAM;2012862000160.0;Bilhete: 957-2114.375386;0;2015-07-27 00:00:00;1226,35;0;1226,35;7;2015;0;ULDURICO JUNIOR;BPS/BSB;0;0.0;0.0;2958;0
347759;ULDURICO JUNIOR;178863.0;220.0;2015;BA;PPL;55.0;999;Emissão Bilhete Aéreo;0;;Cia Aérea - TAM;2012862000160.0;Bilhete: 957-2115.249069;0;2015-08-04 00:00:00;801,03;0;801,03;8;2015;0;ULDURICO JUNIOR;BSB/BPS;0;0.0;0.0;2958;0
347760;ULDURICO JUNIOR;178863.0;220.0;2015;BA;PPL;55.0;999;Emissão Bilhete Aéreo;0;;Cia Aérea - TAM;2012862000160.0;Bilhete: 957-2115.249070;0;2015-08-04 00:00:00;727,35;0;727,35;8;2015;0;ULDURICO JUNIOR;BPS/BSB;0;0.0;0.0;2958;0
347761;ULDURICO JUNIOR;178863.0;220.0;2015;BA;PPL;55.0;999;Emissão Bilhete Aéreo;0;;Cia Aérea - TAM;2012862000160.0;Bilhete: 957-2115.249857;0;2015-08-10 00:00:00;1231,03;0;1231,03;8;2015;0;ULDURICO JUNIOR;BSB/BPS;0;0.0;0.0;2958;0
347762;ULDURICO JUNIOR;178863.0;220.0;2015;BA;PPL;55.0;999;Emissão Bilhete Aéreo;0;;Cia Aérea - TAM;2012862000160.0;Bilhete: 957-2115.249858;0;2015-08-10 00:00:00;441,35;0;441,35;8;2015;0;ULDURICO JUNIOR;BPS/BSB;0;0.0;0.0;2958;0
347763;ULDURICO JUNIOR;178863.0;220.0;2015;BA;PPL;55.0;999;Emissão Bilhete Aéreo;0;;Cia Aérea - TAM;2012862000160.0;Bilhete: 957-2115.249888;0;2015-08-10 00:00:00;860,03;0;860,03;8;2015;0;ULDURICO JUNIOR;BSB/PMW;0;0.0;0.0;2958;0
347764;ULDURICO JUNIOR;178863.0;220.0;2015;BA;PPL;55.0;999;Emissão Bilhete Aéreo;0;;Cia Aérea - TAM;2012862000160.0;Bilhete: 957-2115.249889;0;2015-08-10 00:00:00;855,35;0;855,35;8;2015;0;ULDURICO JUNIOR;PMW/BSB;0;0.0;0.0;2958;0
347765;ULDURICO JUNIOR;178863.0;220.0;2015;BA;PPL;55.0;999;Emissão Bilhete Aéreo;0;;Cia Aérea - TAM;2012862000160.0;Bilhete: 957-2116.292831;0;2015-08-27 00:00:00;311,83;0;311,83;8;2015;0;ULDURICO JUNIOR;BSB/BPS;0;0.0;0.0;2958;0
347766;ULDURICO JUNIOR;178863.0;220.0;2015;BA;PPL;55.0;999;Emissão Bilhete Aéreo;0;;Cia Aérea - TAM;2012862000160.0;Bilhete: 957-2116.292832;0;2015-08-27 00:00:00;1618,35;0;1618,35;8;2015;0;ULDURICO JUNIOR;BPS/BSB;0;0.0;0.0;2958;0
347767;ULDURICO JUNIOR;178863.0;220.0;2015;BA;PPL;55.0;999;Emissão Bilhete Aéreo;0;;Cia Aérea - TAM;2012862000160.0;Bilhete: 957-2116.292833;0;2015-08-27 00:00:00;580,83;0;580,83;8;2015;0;ULDURICO JUNIOR;BSB/BPS;0;0.0;0.0;2958;0
347768;ULDURICO JUNIOR;178863.0;220.0;2015;BA;PPL;55.0;999;Emissão Bilhete Aéreo;0;;Cia Aérea - TAM;2012862000160.0;Bilhete: 957-2116.292834;0;2015-08-27 00:00:00;305,35;0;305,35;8;2015;0;ULDURICO JUNIOR;BPS/BSB;0;0.0;0.0;2958;0
347769;ULDURICO JUNIOR;178863.0;220.0;2015;BA;PPL;55.0;999;Emissão Bilhete Aéreo;0;;Cia Aérea - TAM;2012862000160.0;Bilhete: 957-2117.270751;0;2015-09-16 00:00:00;177;0;177;9;2015;0;ULDURICO JUNIOR;BSB/BPS/BSB;0;0.0;0.0;2958;0
347770;ULDURICO JUNIOR;178863.0;220.0;2015;BA;PPL;55.0;999;Emissão Bilhete Aéreo;0;;Cia Aérea - TAM;2012862000160.0;Bilhete: 957-2117.270829;0;2015-09-16 00:00:00;716,83;0;716,83;9;2015;0;ULDURICO JUNIOR;BSB/BPS;0;0.0;0.0;2958;0
347771;ULDURICO JUNIOR;178863.0;220.0;2015;BA;PPL;55.0;999;Emissão Bilhete Aéreo;0;;Cia Aérea - TAM;2012862000160.0;Bilhete: 957-2117.270830;0;2015-09-16 00:00:00;633,64;0;633,64;9;2015;0;ULDURICO JUNIOR;SSA/BSB;0;0.0;0.0;2958;0
347772;ULDURICO JUNIOR;178863.0;220.0;2015;BA;PPL;55.0;999;Emissão Bilhete Aéreo;0;;Cia Aérea - TAM;2012862000160.0;Bilhete: 957-2117.270859;0;2015-09-17 00:00:00;859,83;0;859,83;9;2015;0;ULDURICO JUNIOR;BSB/BPS;0;0.0;0.0;2958;0
347773;ULDURICO JUNIOR;178863.0;220.0;2015;BA;PPL;55.0;999;Emissão Bilhete Aéreo;0;;Cia Aérea - TAM;2012862000160.0;Bilhete: 957-2117.270878;0;2015-09-17 00:00:00;1698,3;0;1698,3;9;2015;0;ULDURICO JUNIOR;BPS/BSB;0;0.0;0.0;2958;0
347774;ULDURICO JUNIOR;178863.0;220.0;2015;BA;PPL;55.0;999;Emissão Bilhete Aéreo;0;;Cia Aérea - TAM;2012862000160.0;Bilhete: 957-2117.751948;0;2015-09-22 00:00:00;163;0;163;9;2015;0;ULDURICO JUNIOR;BSB/THE;0;0.0;0.0;2958;0
347775;ULDURICO JUNIOR;178863.0;220.0;2015;BA;PPL;55.0;999;Emissão Bilhete Aéreo;0;;Cia Aérea - TAM;2012862000160.0;Bilhete: 957-2117.751950;0;2015-09-22 00:00:00;1016,35;0;1016,35;9;2015;0;ULDURICO JUNIOR;THE/BSB;0;0.0;0.0;2958;0
347776;ULDURICO JUNIOR;178863.0;220.0;2015;BA;PPL;55.0;999;Emissão Bilhete Aéreo;0;;Cia Aérea - TAM;2012862000160.0;Bilhete: 957-2118.759169;0;2015-10-09 00:00:00;31,12;0;31,12;10;2015;0;ULDURICO JUNIOR;BSB/SSA/BSB;0;0.0;0.0;2958;0
347777;ULDURICO JUNIOR;178863.0;220.0;2015;BA;PPL;55.0;999;Emissão Bilhete Aéreo;0;;Cia Aérea - TAM;2012862000160.0;Bilhete: 957-2118.759170;0;2015-10-09 00:00:00;665,83;0;665,83;10;2015;0;ULDURICO JUNIOR;BSB/BPS;0;0.0;0.0;2958;0
347778;ULDURICO JUNIOR;178863.0;220.0;2015;BA;PPL;55.0;999;Emissão Bilhete Aéreo;0;;Cia Aérea - TAM;2012862000160.0;Bilhete: 957-2118.759172;0;2015-10-09 00:00:00;853,35;0;853,35;10;2015;0;ULDURICO JUNIOR;BPS/BSB;0;0.0;0.0;2958;0
347779;ULDURICO JUNIOR;178863.0;220.0;2015;BA;PPL;55.0;999;Emissão Bilhete Aéreo;0;;Cia Aérea - TAM;2012862000160.0;Bilhete: 957-2118.759585;0;2015-10-14 00:00:00;631,83;0;631,83;10;2015;0;FLAVIA MRS SENNA;BSB/BPS;0;0.0;0.0;2958;0
347780;ULDURICO JUNIOR;178863.0;220.0;2015;BA;PPL;55.0;999;Emissão Bilhete Aéreo;0;;Cia Aérea - TAM;2012862000160.0;Bilhete: 957-2118.759667;0;2015-10-15 00:00:00;659,35;0;659,35;10;2015;0;FLAVIA MRS SENNA;BPS/BSB;0;0.0;0.0;2958;0
347781;ULDURICO JUNIOR;178863.0;220.0;2015;BA;PPL;55.0;999;Emissão Bilhete Aéreo;0;;Cia Aérea - TAM;2012862000160.0;Bilhete: 957-2119.399921;0;2015-10-22 00:00:00;1225,83;0;1225,83;10;2015;0;ULDURICO JUNIOR;BSB/FOR;0;0.0;0.0;2958;0
347782;ULDURICO JUNIOR;178863.0;220.0;2015;BA;PPL;55.0;999;Emissão Bilhete Aéreo;0;;Cia Aérea - TAM;2012862000160.0;Bilhete: 957-2119.883077;0;2015-11-04 00:00:00;313;0;313;11;2015;0;ULDURICO JUNIOR;BSB/BPS;0;0.0;0.0;2958;0
347783;ULDURICO JUNIOR;178863.0;220.0;2015;BA;PPL;55.0;999;Emissão Bilhete Aéreo;0;;Cia Aérea - TAM;2012862000160.0;Bilhete: 957-2119.883078;0;2015-11-04 00:00:00;119;0;119;11;2015;0;ULDURICO JUNIOR;BPS/BSB;0;0.0;0.0;2958;0
347784;ULDURICO JUNIOR;178863.0;220.0;2015;BA;PPL;55.0;999;Emissão Bilhete Aéreo;0;;Cia Aérea - TAM;2012862000160.0;Bilhete: 957-2119.883278;0;2015-11-05 00:00:00;978,83;0;978,83;11;2015;0;ULDURICO JUNIOR;BSB/BPS;0;0.0;0.0;2958;0
347785;ULDURICO JUNIOR;178863.0;220.0;2015;BA;PPL;55.0;999;Emissão Bilhete Aéreo;0;;Cia Aérea - TAM;2012862000160.0;Bilhete: 957-2119.883331;0;2015-11-05 00:00:00;448,64;0;448,64;11;2015;0;ULDURICO JUNIOR;SSA/BSB;0;0.0;0.0;2958;0
347786;ULDURICO JUNIOR;178863.0;220.0;2015;BA;PPL;55.0;999;Emissão Bilhete Aéreo;0;;Cia Aérea - TAM;2012862000160.0;Bilhete: 957-2120.469266;0;2015-11-16 00:00:00;1147;0;1147;11;2015;0;ULDURICO JUNIOR;BPS/GRU/FLN;0;0.0;0.0;2958;0
347787;ULDURICO JUNIOR;178863.0;220.0;2015;BA;PPL;55.0;999;Emissão Bilhete Aéreo;0;;Cia Aérea - TAM;2012862000160.0;Bilhete: 957-2120.469268;0;2015-11-16 00:00:00;255;0;255;11;2015;0;ULDURICO JUNIOR;FLN/GRU/BPS;0;0.0;0.0;2958;0
347788;ULDURICO JUNIOR;178863.0;220.0;2015;BA;PPL;55.0;999;Emissão Bilhete Aéreo;0;;Cia Aérea - TAM;2012862000160.0;Bilhete: 957-2120.469270;0;2015-11-16 00:00:00;1040,83;0;1040,83;11;2015;0;ULDURICO JUNIOR;BSB/BPS;0;0.0;0.0;2958;0
347789;ULDURICO JUNIOR;178863.0;220.0;2015;BA;PPL;55.0;999;Emissão Bilhete Aéreo;0;;Cia Aérea - TAM;2012862000160.0;Bilhete: 957-2120.469587;0;2015-11-19 00:00:00;491,64;0;491,64;11;2015;0;ULDURICO JUNIOR;SSA/BSB;0;0.0;0.0;2958;0
347790;ULDURICO JUNIOR;178863.0;220.0;2015;BA;PPL;55.0;999;Emissão Bilhete Aéreo;0;;Cia Aérea - TAM;2012862000160.0;Bilhete: 957-2121.042718;0;2015-11-24 00:00:00;1074,83;0;1074,83;11;2015;0;ULDURICO JUNIOR;BSB/BPS;0;0.0;0.0;2958;0
347791;ULDURICO JUNIOR;178863.0;220.0;2015;BA;PPL;55.0;999;Emissão Bilhete Aéreo;0;;Cia Aérea - TAM;2012862000160.0;Bilhete: 957-2122.226746;0;2015-12-17 00:00:00;1625,35;0;1625,35;12;2015;0;ULDURICO JUNIOR;VDC/BSB/FOR;0;0.0;0.0;2958;0
347792;ULDURICO JUNIOR;178863.0;220.0;2015;BA;PPL;55.0;999;Emissão Bilhete Aéreo;0;;Cia Aérea - TAM;2012862000160.0;Bilhete: 957-2122.226896;0;2015-12-18 00:00:00;1224,35;0;1224,35;12;2015;0;ULDURICO JUNIOR;BPS/BSB;0;0.0;0.0;2958;0
347793;ULDURICO JUNIOR;178863.0;220.0;2015;BA;PPL;55.0;999;Emissão Bilhete Aéreo;0;;Cia Aérea - TAM;2012862000160.0;Bilhete: 957-2122.226897;0;2015-12-18 00:00:00;1230,83;0;1230,83;12;2015;0;ULDURICO JUNIOR;BSB/BPS;0;0.0;0.0;2958;0
347794;ULDURICO JUNIOR;178863.0;220.0;2015;BA;PPL;55.0;999;Emissão Bilhete Aéreo;0;;Cia Aérea - TAM;2012862000160.0;Bilhete: 957-4552.677432;0;2015-02-11 00:00:00;120;0;120;2;2015;0;ULDURICO JUNIOR;BSB/BSB;0;0.0;0.0;2958;0
347795;ULDURICO JUNIOR;178863.0;220.0;2015;BA;PPL;55.0;999;Emissão Bilhete Aéreo;0;;Cia Aérea - TAM;2012862000160.0;Bilhete: 957-4552.782130;0;2015-03-20 00:00:00;120;0;120;3;2015;0;ULDURICO JUNIOR;BSB/BSB;0;0.0;0.0;2958;0
347796;ULDURICO JUNIOR;178863.0;220.0;2015;BA;PPL;55.0;999;Emissão Bilhete Aéreo;0;;Cia Aérea - TAM;2012862000160.0;Bilhete: 957-4553.353624;0;2015-09-23 00:00:00;100;0;100;9;2015;0;ULDURICO JUNIOR;BSB/BSB;0;0.0;0.0;2958;0
347797;ULDURICO JUNIOR;178863.0;220.0;2015;BA;PPL;55.0;999;Emissão Bilhete Aéreo;0;;Cia Aérea - TAM;2012862000160.0;Bilhete: 957-4553.425768;0;2015-10-09 00:00:00;-276,95;0;-276,95;10;2015;0;ULDURICO JUNIOR;BSB/BSB;0;0.0;0.0;2958;0
347798;ULDURICO JUNIOR;178863.0;220.0;2015;BA;PPL;55.0;999;Emissão Bilhete Aéreo;0;;Cia Aérea - TAM;2012862000160.0;Bilhete: 957-4553.507947;0;2015-11-04 00:00:00;100;0;100;11;2015;0;ULDURICO JUNIOR;BSB/BSB;0;0.0;0.0;2958;0
347799;ULDURICO JUNIOR;178863.0;220.0;2015;BA;PPL;55.0;999;Emissão Bilhete Aéreo;0;;Cia Aérea - TAM;2012862000160.0;Bilhete: 957-4553.508406;0;2015-11-16 00:00:00;100;0;100;11;2015;0;ULDURICO JUNIOR;BSB/BSB;0;0.0;0.0;2958;0
347800;ULDURICO JUNIOR;178863.0;220.0;2015;BA;PPL;55.0;999;Emissão Bilhete Aéreo;0;;Cia Aérea - TAM;2012862000160.0;Bilhete: 957-4553.508407;0;2015-11-16 00:00:00;100;0;100;11;2015;0;ULDURICO JUNIOR;BSB/BSB;0;0.0;0.0;2958;0
347801;ULDURICO JUNIOR;178863.0;220.0;2015;BA;PPL;55.0;999;Emissão Bilhete Aéreo;0;;Cia Aérea - TAM;2012862000160.0;Bilhete: 957-4553.584029;0;2015-11-30 00:00:00;100;0;100;11;2015;0;ULDURICO JUNIOR;BSB/BSB;0;0.0;0.0;2958;0
347802;ULDURICO JUNIOR;178863.0;220.0;2015;BA;PPL;55.0;999;Emissão Bilhete Aéreo;0;;Cia Aérea - TAM;2012862000160.0;Bilhete: 957-4553.584030;0;2015-11-30 00:00:00;-180,1;0;-180,1;11;2015;0;ULDURICO JUNIOR;BSB/BSB;0;0.0;0.0;2958;0
347803;URZENI ROCHA;141551.0;616.0;2011;RR;PSD;54.0;5;DIVULGAÇÃO DA ATIVIDADE PARLAMENTAR.;0;;CRBR COMUNICAÇÃO;19306532000180.0;0000000047;0;2015-01-21 00:00:00;20025;0;20025;1;2015;0;;;1162675;4902.0;0.0;1943;5588147
347804;URZENI ROCHA;141551.0;616.0;2011;RR;PSD;54.0;5;DIVULGAÇÃO DA ATIVIDADE PARLAMENTAR.;0;;EDITORA ZENITE LTDA;8509060000146.0;1411;0;2015-01-22 00:00:00;12000;0;12000;1;2015;0;;;1162848;4898.0;0.0;1943;5588649
347805;URZENI ROCHA;141551.0;616.0;2011;RR;PSD;54.0;10;TELEFONIA;0;;CELULAR FUNCIONAL;;;0;;105,49;0;105,49;1;2015;0;;;0;0.0;0.0;1943;0
347806;URZENI ROCHA;141551.0;616.0;2011;RR;PSD;54.0;10;TELEFONIA;0;;CELULAR FUNCIONAL;;;0;2015-01-13 00:00:00;70,55;0;70,55;1;2015;0;;;0;0.0;0.0;1943;0
347807;URZENI ROCHA;141551.0;616.0;2011;RR;PSD;54.0;10;TELEFONIA;0;;CELULAR FUNCIONAL;;;0;2015-02-19 00:00:00;0,88;0;0,88;1;2015;0;;;0;0.0;0.0;1943;0
347808;URZENI ROCHA;141551.0;616.0;2011;RR;PSD;54.0;10;TELEFONIA;0;;CELULAR FUNCIONAL;;;0;2015-03-12 00:00:00;5,94;0;5,94;1;2015;0;;;0;0.0;0.0;1943;0
347809;URZENI ROCHA;141551.0;616.0;2011;RR;PSD;54.0;10;TELEFONIA;0;;RAMAL;;;0;;187,94;0;187,94;1;2015;0;;;0;0.0;0.0;1943;0
347810;URZENI ROCHA;141551.0;616.0;2011;RR;PSD;54.0;11;SERVIÇOS POSTAIS;0;;CORREIOS - ENCOMENDA PAC;;RSP : 2106679;1;2015-01-23 16:21:26;433,8;0;433,8;1;2015;0;;;0;0.0;0.0;1943;0
347811;URZENI ROCHA;141551.0;616.0;2011;RR;PSD;54.0;11;SERVIÇOS POSTAIS;0;;CORREIOS - SEDEX CONVENCIONAL;;RSP : 2105521;1;2015-01-13 12:34:28;50,52;0;50,52;1;2015;0;;;0;0.0;0.0;1943;0
347812;URZENI ROCHA;141551.0;616.0;2011;RR;PSD;54.0;11;SERVIÇOS POSTAIS;0;;CORREIOS - SEDEX CONVENCIONAL;;RSP : 2105558;1;2015-01-13 17:12:37;83,46;0;83,46;1;2015;0;;;0;0.0;0.0;1943;0
347813;URZENI ROCHA;141551.0;616.0;2011;RR;PSD;54.0;11;SERVIÇOS POSTAIS;0;;CORREIOS - SEDEX CONVENCIONAL;;RSP : 2107113;1;2015-01-28 12:39:00;98,34;0;98,34;1;2015;0;;;0;0.0;0.0;1943;0
347814;URZENI ROCHA;141551.0;616.0;2011;RR;PSD;54.0;120;LOCAÇÃO OU FRETAMENTO DE VEÍCULOS AUTOMOTORES;0;;RWA COMERCIO E CONSTRUTORA LTDA;7939551000164.0;00000067;0;2015-01-22 00:00:00;7486,8;0;7486,8;1;2015;0;;;1162873;4890.0;0.0;1943;5588721
